DMS_id,DMS_filename,pdb_file,MSA_filename,MSA_theta,weight_file_name,target_seq
mcaupo,mcaupo.csv,mcaupo.pdb,mcaupo.a2m,0.2,mcaupo_theta_0.2.npy,PPPPAPPRFTGAKLVDDRDHPWRPLRNGDIRGPCPGLNTLASHGYLPRDGVASPSDIIKAVQEGFNMETQTARFATYSAHILEGNLVTDLLSIGGKTSRTGPNPPPPATVAGISNHGSFEGDASLTRIDAFFGNHVAFNQPLFDQFVDFSNRFGNGFYNYTVGGELRFHRIQQSIETNPQFRIRGFRHFTAYAEAAFTANLFVDGRKTGADAHQLDMDSARSFFRDMRFPRGFFRPSSPTAGEGADIIFAAHPTQPGTNVGAVNNFVVDTSMGGLTDPCTFYVQFVNTTVRALYPNPTGVLRRNLIINLGFLYDSFAPPDCPQVFPYGQN
4do1,4do1.csv,4do1.pdb,4do1_b0.1.a2m,0.2,4do1_theta_0.2.npy,TIPHLAIDPFSLDFFDDPYPDQQTLRDAGPVVYLDKWNVYGVARYAEVHAVLNDPTTFCSSRGVGLSDFKKEKPWRPPSLILEADPPAHTRPRAVLSKVLSPATMKTIRDGFAAAADAKVDELLQRGCIDAIADLAEAYPLSVFPDAMGLKQEGREHLLPYAGLVFNAFGPPNELRQTAIERSAPHQAYVNEQCQRPNLAPGGFGACIHAFTDTGEITPDEAPLLVRSLLSAGLDTTVNGIGAAVYCLARFPGELQRLRSDPTLARNAFEEAVRFESPVQTFFRTTTREVELGGAVIGEGEKVLMFLGSANRDPRRWSDPDLYDITRKTSGHVGFGSGVHMCVGQLVARLEGEVMLSALARKVAAIDIDGPVKRRFNNTLRGLESLPVKLTPA
8qyi,8qyi.csv,8qyi.pdb,8qyi_b0.1.a2m,0.2,8qyi_theta_0.2.npy,DAVPAYPFSLPHALDLDPHYAELRRDEPVSRVRLPYGEGTAWLVTRMSDARIVLGDSRFSTAAATDPATPRMFPTPPEPDGVLAQDPPDHTRLRRLVGKAFTARRVEEMRPRVRSLVDSLLDDMVAHGSPADLVEFLAVPFPVAVICELLGVPLEDRDLFRTFSDAMLSSTRLTAAEIQRVQQDFMVYMDGLVAQRRDAPTEDLLGALALATDNDDHLTKGEIVNMGVSLLIAGHETSVNQITNLVHLLLTERKRYESLVADPALVPAAVEEMLRYTPLVSAGSFVRVATEDVELSTVTVRAGEPCVVHFASANRDEEVFDHADELDFHRERNPHIAFGHGAHHCIGAQLGRLELQEALSALVRRFPTLDLAEPVAGLKWKQGMLIRGLERQIVSW
8qyi_7beta,8qyi_7beta.csv,8qyi.pdb,8qyi_b0.1.a2m,0.2,8qyi_theta_0.2.npy,DAVPAYPFSLPHALDLDPHYAELRRDEPVSRVRLPYGEGTAWLVTRMSDARIVLGDSRFSTAAATDPATPRMFPTPPEPDGVLAQDPPDHTRLRRLVGKAFTARRVEEMRPRVRSLVDSLLDDMVAHGSPADLVEFLAVPFPVAVICELLGVPLEDRDLFRTFSDAMLSSTRLTAAEIQRVQQDFMVYMDGLVAQRRDAPTEDLLGALALATDNDDHLTKGEIVNMGVSLLIAGHETSVNQITNLVHLLLTERKRYESLVADPALVPAAVEEMLRYTPLVSAGSFVRVATEDVELSTVTVRAGEPCVVHFASANRDEEVFDHADELDFHRERNPHIAFGHGAHHCIGAQLGRLELQEALSALVRRFPTLDLAEPVAGLKWKQGMLIRGLERQIVSW
aaeupo,aaeupo.csv,aaeupo.pdb,aaeupo_b0.1.a2m,0.2,aaeupo_theta_0.2.npy,GLPPGPLENSSAKLVNDEAHPWKPLRPGDIRGPCPGLNTLASHGYLPRNGVATPAQIINAVQEGFNFDNKAAIFATYAAHLVDGNLITDLLSIGRKTRLTGPDPPPPASVGGLNEHGTFEGDASMTRGDAFFGNNHDFNETLFEQLVDYSNRFGGGKYNLTVAGELRFKRIQDSIATNPNFSFVDFRFFTAYAETTFPANLFVDGRRDDGQLDMDAARSFFQFSRMPDDFFRAPSPRSVTGVEVVVQAHPMQPGRNVGKINSYTVDPTSSDFSTPCLMYEKFVNITVKSLYPNPTVQLRKALNTNLDFLFQGVAAGCTQVFPYGR
6tht,6tht.csv,6tht.pdb,6tht_b0.3.a2m,0.2,6tht_theta_0.2.npy,SNPYQRGPNPTRSALTADGPFSVATYTVSRLSVSGFGGGVIYYPTGTSLTFGGIAMSPGYTADASSLAWLGRRLASHGFVVLVINTNSRFDGPDSRASQLSAALNYLRTSSPSAVRARLDANRLAVAGHAMGGGGTLRIAEQNPSLKAAVPLTPWHTDKTFNTSVPVLIVGAEADTVAPVSQHAIPFYQNLPSTTPKVYVELCNASHIAPNSNNAAISVYTISWMKLWVDNDTRYRQFLCNVNDPALCDFRTNNRHCQ
8ijt,8ijt.csv,8ijt.pdb,8ijt_b0.2.a2m,0.2,8ijt_theta_0.2.npy,MRPITCSFDPVGISFQTESKQENFEFLREAISRSVPGLENCNVFDPRSLGVPWPTSFPAAAQSKYWKDAEEAAAELMDQIVAAAPGEQGSLPAELAVSDKKAAKRRELLDTSVSAPMNMFPAANAPRARIMAKANLLIFMHDDVCEYQSVQSTIIDSALADTSTPNGKGADILWQNRIFKEFSEETNREDPVVGPQFLQGILNWVEHTRKALPASMTFRSFNEYIDYRIGDFAVDFCDAAILLTCEIFLTPADMEPLRKLHRLYMTHFSLTNDLYSFNKEVVAEQETGSAVINAVRVLEQLVDTSTRSAKVLLRAFLWDLELQIHDELTRLKGTDLTPSQWRFARGMVEVCAGNIFYSATCLRYAKPGLRGI
trpb,trpb.csv,trpb.pdb,trpb_b0.2.a2m,0.2,trpb_theta_0.2.npy,MKGYFGPYGGQYVPEILMGALEELEAAYEGIMKDESFWKEFNDLLRDYAGRPTPLYFARRLSEKYGARVYLKREDLLHTGAHKINNAIGQVLLAKLMGKTRIIAETGAGQHGVATATAAALFGMECVIYMGEEDTIRQKLNVERMKLLGAKVVPVKSGSRTLKDAIDEALRDWITNLQTTYYVFGSVVGPHPYPIIVRNFQKVIGEETKKQIPEKEGRLPDYIVACVSGGSNAAGIFYPFIDSGVKLIGVEAGGEGLETGKHAASLLKGKIGYLHGSKTFVLQDDWGQVQVSHSVSAGLDYSGVGPEHAYWRETGKVLYDAVTDEEALDAFIELSRLEGIIPALESSHALAYLKKINIKGKVVVVNLSGRGDKDLESVLNHPYVRERIR
6o08,6o08.csv,6o08.pdb,6o08_b0.1.a2m,0.2,6o08_theta_0.2.npy,MPTLFDPIDFGPIHAKNRIVMSPLTRGRADKEAVPTPIMAEYYAQRASAGLIITEATGISREGLGWPFAPGIWSDAQVEAWKPIVAGVHAKGGKIVCQLWHMGRMVHSSVTGTQPVSSSATTAPGEVHTYEGKKPFEQARAIDAADISRILNDYENAARNAIRAGFDGVQIHAANGYLIDEFLRNGTNHRTDEYGGVPENRIRFLKEVTERVIAAIGADRTGVRLSPNGDTQGCIDSAPETVFVPAAKLLQDLGVAWLELREPGPNGTFGKTDQPKLSPQIRKVFLRPLVLNQDYTFEAAQTALAEGKADAIAFGRKFISNPDLPERFARGIALQPDDMKTWYSQGPEGYTDYPSATSGP
6qga,6qga.csv,6qga.pdb,6qga_b0.2.a2m,0.2,6qga_theta_0.2.npy,VPLASRAACEALKDGNGDMVWPNAATVVEVAAWRDAAPATASAAALPEHCEVSGAIAKRTGIDGYPYEIKFRLRMPAEWNGRFFMEGGSGTNGSLSAATGSIGGGQIASALSRNFATIATDGGHDNAVNDNPDALGTVAFGLDPQARLDMGYNSYDQVTQAGKAAVARFYGRAADKSYFIGCSEGGREGMMLSQRFPSHYDGIVAGAPGYQLPKAGISGAWTTQSLAPAAVGLDAQGVPLINKSFSDADLHLLSQAILGTCDALDGLADGIVDNYRACQAAFDPATAANPANGQALQCVGAKTADCLSPVQVTAIKRAMAGPVNSAGTPLYNRWAWDAGMSGLSGTTYNQGWRSWWLGSFNSSANNAQRVSGFSARSWLVDFATPPEPMPMTQVAARMMKFDFDIDPLKIWATSGQFTQSSMDWHGATSTDLAAFRDRGGKMILYHGMSDAAFSALDTADYYERLGAAMPGAAGFARLFLVPGMNHCSGGPGTDRFDMLTPLVAWVERGEAPDQISAWSGTPGYFGVAARTRPLCPYPQIARYKGSGDINTEANFACAAP
cyp450,cyp450.csv,cyp450.pdb,cyp450_b0.1.a2m,0.2,cyp450_theta_0.2.npy,PIQKALLNGKNRQDPYDPFPWYEKMRKESPVYYDEDSKVWSVFLYDDVKRVISDKDFFSNQFPQLESGNTFAKTMVSMDPPKHTRIRSIVSKAFTPRIMKEWEPRIRVLTDELLGKARGRDEIDLVQDFSYPLPVMVISELLGVPSEHKEKFKEWSDLLVSLPKSAYEEDVMEWRTIRNKGEEDLSAFFENVIEEKRRNLGDDIISLLIQAEEDGDRLSPDELVPFCNLLLVAGNETTTNLISNMVYSILEKPGTFDELANQPDLIPQAVEEAVRFRAPAPMAVRFVQQDTAIRGVNLKKGEGVIAFLASANRDEAAFERAHEFDIHRHPNRHIGFGHGIHFCLGAPLARLETKIALEALLKQYSAMETISTEPMANSFMYGLKHFRLHVKEA
1ykf,1ykf.csv,1ykf.pdb,1ykf_b0.1.a2m,0.2,1ykf_theta_0.2.npy,MKGFAMLSIGKVGWIEKEKPAPGPFDAIVRPLAVAPCTSDIHTVFEGAIGERHNMILGHEAVGEVVEVGSEVKDFKPGDRVVVPAITPDWRTSEVQRGYHQHSGGMLAGWKFSNVKDGVFGEFFHVNDADMNLAHLPKEIPLEAAVMIPDMMTTGFHGAELADIELGATVAVLGIGPVGLMAVAGAKLRGAGRIIAVGSRPVCVDAAKYYGATDIVNYKDGPIESQIMNLTEGKGVDAAIIAGGNADIMATAVKIVKPGGTIANVNYFGEGEVLPVPRLEWGCGMAHKTIKGGLCPGGRLRMERLIDLVFYKRVDPSKLVTHVFRGFDNIEKAFMLMKDKPKDLIKPVVILA
bhrpet,bhrpet.csv,bhrpet.pdb,bhrpet_b0.1.a2m,0.2,bhrpet_theta_0.2.npy,SNPYQRGPNPTRSALTTDGPFSVATYSVSRLSVSGFGGGVIYYPTGTTLTFGGIAMSPGYTADASSLAWLGRRLASHGFVVIVINTNSRLDFPDSRASQLSAALNYLRTSSPSAVRARLDANRLAVAGHSMGGGATLRISEQIPTLKAGVPLTPWHTDKTFNTPVPQLIVGAEADTVAPVSQHAIPFYQNLPSTTPKVYVELDNATHFAPNSPNAAISVYTISWMKLWVDNDTRYRQFLCNVNDPALSDFRSNNRHCQ
j3434,j3434.csv,j3434.pdb,j3434_b0.1.a2m,0.2,j3434_theta_0.2.npy,MNPWIRGPAPTQASLEAARGPFAVAQTTVTNLDAKGFGGGTVYYPTDTSQGTFGAVAIAPGYLAGQESVAWLGPRIASHGFVVIVIDTITRLDQPDSRGQQLLAALDYLKTHSTVRDRIDPTRLGVMGHSMGGGGALHAAANDSTLKAAIPLTGWNTTKTWSSIQTPTLVIGADGDTVAPVATHSVPFYNSLPATLDKAYLELKGATHFAPNSSNTTIAKYSISWLKRFIDDDTRYEQFLCPAPDDFAISEYRSTCPF
ydj,ydj.csv,ydj.pdb,ydj_b0.1.a2m,0.2,ydj_theta_0.2.npy,VYTHDTGLDYITYSDYELDPANPLAGGAAWIEGAFVPPSEARISIFDQGFYTSDATYTTFHVWNGNAFRLGDHIERLFSNAESIRLIPPLTQDEVKEIALELVAKTELREAMVTVTITRGYSSTPFERDITKHRPQVYMSACPYQWIVPFDRIRDGVHLMVAQSVRRTPRSSIDPQVKNFQWGDLIRAIQETHDRGFELPLLLDCDNLLAEGPGFNVVVIKDGVVRSPGRAALPGITRKTVLEIAESLGHEAILADITPAELYDADEVLGCSTGGGVWPFVSVDGNSISDGVPGPVTQSIIRRYWELNVEPSSLLTPVQY
6eur,6eur.csv,6eur.pdb,6eur_b0.1.a2m,0.2,6eur_theta_0.2.npy,LEIPTSPLIIKITQQERNILSNVGNLLVKAFGNYENPDYIASLHLHAFQLLPERITRILSQFGSDFSAEQYGAIVFQGLIEVDQDDLGPTPPNWQGADYGKLNKYGFICSLLHGAVPSKPVQYYAQRKGGGLLHAVIPDEKMAATQTGSGSKTDLFVHTEDAFLSNQADFLSFLYLRNEERVPSTLYSIRSHGKMNPVMKKLFEPIYQCPKDANYNDEDVANSGPTASVLYGNRELPFIRFDAAEQIFNENAGQTSEALGNLMDFWDEAKTLINSDYIPNSGDLIFVNNHLCAHGRSAFIAGQRIENGEIIKCERRQMLRMMSKTSLIHIRSVTRTDDPYFIMEEHLGKIFDLD
7eeh,7eeh.csv,7eeh.pdb,7eeh_b0.1.a2m,0.2,7eeh_theta_0.2.npy,RVFNPSYYTAIAEIMKLRSKYITNRSIFVEGSDMVPLLLGLGATRADLDALQRVSNNLYSDPTLPFRRSRNGRFCFDFSTRSVRRLEFQPFALSVEEDFKRHDSGQIRVFDEVQDELQLNTAFQALLVFKGMICHGVQTTHRPRLDYSSDKWVCTLFNLRTVTTPSILGEPALEGVHTDGVDHTMTTYLGSKNMDLAANSAVTFMHDMNEETGAKYTEIKPQNLRSRVQHRHFLDTLLLVDTENKHSLSPVLPLDETKEATRDMLIFFTRRPVKKGDGGHISENIDSFRPHEELPMEVPLFL
6lnh,6lnh.csv,6lnh.pdb,6lnh_b0.4.a2m,0.2,6lnh_theta_0.2.npy,GEFMKMSGFSIEEKVHEFESKGFLEISNEIFLQEEENHSLLTQAQLDYYNLEDDAYGECRARSYSRYIKYVDSPDYILDNSNDYFQSKEYNYDDGGKVRQFNSINDSFLCNPLIQNIVRFDTEFAFKTNIIDKSKDLIIGLHQVRYKATKERPSFSSPIWLHKDDEPVVFLHLMNLSNTAIGGDNLIANSPREINQFISLKEPLETLVFGQKVFHAVTPLGTECSTEAFRDILLVTFSYKE
mgpcso,mgpcso.csv,mgpcso.pdb,mgpcso_b0.1.a2m,0.2,mgpcso_theta_0.2.npy,MAQAMPVDNQFLNFPWGPIQMECEAQDLVIEGEVPADLNGTLYRAGPNQRFRPRGEYHLFAGDGMVHAFHIGNGQVDYVNRWVRTAKFNIEDMEGRAVINAMNPFDCDPDYAEFTLADKEGLANTAAVWHGGRLLVMEEGHRPYEIDPITLDSIGSWTFRGKLHTAMTAHPKIDEKTGEMVFFAYMATGPFSEDVMVHKVNAEGLLTQSIHIPTPYSAMVHDFVITENYIVVPIFPITGSLERAMEGGPPFAWEPSKGVHIAVLPRDAENADNIRWLEMDICFAFHFMNAFDQDGVISVDAAQFTQAPLFPTAEGEATGETRSQLCRWTIDMNNPEARVESTALDTFELEFPQIDMRYAGQAYRHGWYTTTDGTIKSSLEVNENLYNTIGYWDHESNTTETYSCGQSMVSEALFVPRSDDAPEGDGYLLAVIIDLETRLSSLLIFNALDITAGPVARAQLSHRVPPGFHGTWRPAD
hj14GH43,hj14GH43.csv,hj14GH43.pdb,hj14GH43_b0.1.a2m,0.2,hj14GH43_theta_0.2.npy,MKITNPVLKGFNPDPSICRVGEDYYMAVSTFEWFPGVQIYHSKDLVHWRLAARPLQKTSQLDMKGNPDSGGVWAPCLSYADGQFWLIYSDIKVVDGPFKDGHNYLVTASEVDGDWSEPILLNSSGFDPSLFHDHSGKKYVLNMLWDHREKHHSFAGIALQEYSVAEKKLIGQRKVIFKGTPIKLTEAPHLYHIGDYYYLLTAEGGTRYEHAATIARSSHIEGPYEVHPDNPIVSAFHVPEHPLQKCGHASIVQTHTNEWYLAHLTGRPIQSSKESIFQQRGWCPLGRETAIQKLEWKDGWPYVVGGKEGTLEVEAPKIEEKVFAPTYHTVDEFKESTLNRHFQTLRIPFTDQIGSLTEKPQHLRLFGRESLTSKFTQAFVARRWQSFYFEAETAVSFFPENFQQAAGLVNYYNTENWTALQVTYDEELGRTLELSVCQNLAFSQPLTHKIIIPDEVTYVYLKVTVRKETYKYSYSFDQKEWKEIDVPFESIHLSDDFIRGGGFFTGAFVGMQCQDTSGERLPADFHYFRYEETDE
dpada,dpada.csv,dpada.pdb,dpada_b0.1.a2m,0.2,dpada_theta_0.2.npy,MEHSVIEPTVPMPMPAMFDAPSGIFDSLDDAVQAAVYAQQQLNSVELRQQVIKAIRVAGERYAQVLAEMAVAETGMGRVVDKYIKNVSQARHTPGIECLSAEVLTGDNGLTLIENAPWGVVASVTPSTNPAATVINNAISMIAAGNSVVFAPHPSAKNVSLRTISLLNKAIVATGGPENLLVSVSDPNIETAQRLFRYPGIGLLVVTGGEAVVEAARRHTDKRLIAAGAGNPPVVVDETADIPKAARAIVKGASFDNNIICADEKVLIVVDSVADALLAEMQRNHAVLLTPAQTEQLLPALLSDIDEQGKGRVNRDYVGRDATKLAEAIGLEVNEYTRLLLAETDASHPFAVTELMMPVLPVVRVKSVDDAIALALKLENGCRHTAAMHSTNIRNLNRMANAINTSIFVKNGPCIAGLGLGGEGWTSMTISTPTGEGVTSARTFVRLRRCVLVDMFRIA
9bwf,9bwf.csv,9bwf.pdb,9bwf_b0.1.a2m,0.2,9bwf_theta_0.2.npy,ASMYAKHSAQNYQPLLPGIKIKTLVYGELTLMTEFVMDKGSSLPDHTHPYEQTGYLVSGKIILYIEDKKQQIMAGDSWCIPKNVHHHAEILENSVAVEVFAPTREEYIKYLDRTTVV
3d7k,3d7k.csv,3d7k.pdb,3d7k_b0.1.a2m,0.2,3d7k_theta_0.2.npy,AMITGGELVVRTLIKAGVEHLFGLAGAHIDTIFQACLDHDVPIIDTRHEAAAGHAAEGYARAGAKLGVALVTAGGGFTNAVTPIANAWLDRTPVLFLTGSGALRDDETNTLQAGIDQVAMAAPITKWAHRVMATEHIPRLVMQAIRAALSAPRGPVLLDLPWDILMNQIDEDSVIIPDLVLSAHGARPDPADLDQALALLRKAERPVIVLGSEASRTARKTALSAFVAATGVPVFADYEGLSMLSGLPDAMRGGLVQNLYSFAKADAAPDLVLMLGARFGLNTGHGSGQLIPHSAQVIQVDPDACELGRLQGIALGIVADVGGTIEALAQATAQDAAWPDRGDWCAKVTDLAQERYASIAAKSSSEHALHPFHASQVIAKHVDAGVTVVADGALTYLWLSEVMSRVKPGGFLCHGYLGSMGVGFGTALGAQVADLEAGRRTILVTGDGSVGYSIGEFDTLVRKQLPLIVIIMNNQSWGATLHFQQLAVGPNRVTGTRLENGSYHGVAAAFGADGYHVDSVESFSAALAQALAHNRPACINVAVALDPIPPEELILIGMDPFA
aaeupo_old,aaeupo_old.csv,aaeupo_old.pdb,aaeupo_b0.1.a2m,0.2,aaeupo_theta_0.2.npy,GLPPGPLENSSAKLVNDEAHPWKPLRPGDIRGPCPGLNTLASHGYLPRNGVATPAQIINAVQEGFNFDNQAAIFATYAAHLVDGNLITDLLSIGRKTRLTGPDPPPPASVGGLNEHGTFEGDASMTRGDAFFGNNHDFNETLFEQLVDYSNRFGGGKYNLTVAGELRFKRIQDSIATNPNFSFVDFRFFTAYGETTFPANLFVDGRRDDGQLDMDAARSFFQFSRMPDDFFRAPSPRSGTGVEVVVQAHPMQPGRNVGKINSYTVDPTSSDFSTPCLMYEKFVNITVKSLYPNPTVQLRKALNTNLDFLFQGVAAGCTQVFPYGR
cmom,cmom.csv,cmom.pdb,cmom_b0.1.a2m,0.2,cmom_theta_0.2.npy,MEGMTKNEATHENEDTAQAQVDIWRFVYGFAETAAVKCAVELGIPDILENHTEPMTLSQLSSALACRSTPLFRIMRFLMNIGLFKEKRTNQGSMGYVQTPMSRLLVKDGKNSLASMFLFVNGSVMTAPWNFLSAHVLDDRASPFTYAHGMGSWKLAAGNPDFRKLIDDAMACDTKMTVPAVLDGCPELFNGLSSVVNVGGGNGAAVRILVERCPWIHGINFDLPQVVSVAPVCEGIEHVGGDMFMSVPKANAAFLKWVLHNWSDDECIKILKNCREAIAEYGTSGKVIIVDAVIEGNGGDKPKNMGVLLDLIMLAQTDKGKERTAREWTFIFREAGFTRHTIKNIPFLTEITVIEAYP
pgbg,pgbg.csv,pgbg.pdb,pgbg_b0.1.a2m,0.2,pgbg_theta_0.2.npy,MAMIQFPKDFKWGAATASYQIEGAANEDGRGPSIWDTFSKTFGKVHNGDNGDIACDSYHRYEEDVDIIQELGSNVYRFSVAWPRIFPNGTGEVNQQGVEYYHKLVDSLLEKGIEPMCTLYHWDLPQALQDKGGWNNRTTISAFVEYASFMFKEFNGKIKKWITVNEPWCSSFLANYIGDHAPGNQNLQLAIDVAHHLMVAHGKAVYHFRESQAEGEIGYAPNVTWYEPFSKKQEDIDACNRANAWNLDWFFDPVFKGTYPSFMLEWFAKKGVAPSIQEGDMEAIAQPIDYLGINYYTGNVARFKKNEGLFDIENINMGYGKTDIDWFIYPEGFYKVLVKIKDSYGNIPIYITENGACYNDEPENGQIMDEKRIDYLKVHLAALKRSMDSGVNIKGYLTWSLLDNFEWAYGYSMRFGIVHVNFQTLERTKKDSYYWLKETIQNDGFVL
pspt2,pspt2.csv,pspt2.pdb,pspt2_b0.1.a2m,0.2,pspt2_theta_0.2.npy,MTILNKDKELTVRVVSCDKILDSTNNSSRSCEKPINRTNTSTLLQTLGASSEGEVIIQPKAEYEETWDSIFWRKWDAFVTFGRPYSVLGSIIGISSVSLLPLTSVGDFSLAVFVGFVQALIPFVCANIYASGINQVVDVEIDKINKPYLPLVSGDFSMGEGKAVVSATGFLCLAMTIMFGSLPLFLGVLGYFLYATAYSVELPFLRWKTKPFMAAFSMAGLMGLTIQPSVYYHIQNVLGRPMVLTKPVVFATSFISVFSAVLAMIKDLPDVEGDRALGNLTFSVRYGQEKVFNICVGIMLAAYASAVVTGSFSSLLICKLVSVIGHTALAFLLMLRAKSIDVNDPESTQSFYMFAFQLLYAEYVLIHFIR
sca2,sca2.csv,sca2.pdb,sca2_b0.1.a2m,0.2,sca2_theta_0.2.npy,MTEMTEKATTFLTSQEAPAFPADRTCPYQLPTAYSRLRDEPDALRPVTLYDSRRAWVVTKHEAARRLLADPRLSSDRLHADFPAFSPRIKAFRQGSPAFIGMDPPEHGTRRRMTISEFSVKRIKGMRPDVERIVHGFIDDMLAAGPTADLVSQFALPVASMVICHMLGVPYADHEFFQDASKRLVQAVDADSANAARDDFERYLDGLITKLESEPGTGLLGKLVTHQLADGEIDRAELISTALLLLVAGHETTASMTSLSVITLLEHPEQHAALRADPSLVPGAVEELLRVLAIADIAGGRIATADIEIDGQLIRAGEGVIVANSIANRDSSVFENPDRLDVHRSARHHLSFGYGVHQCLGQYLARLELVVILTVLFDRIPTLRLAVPVEQLTLRPGTTIQGVNELPVTW
tph,tph.csv,tph.pdb,tph_b0.1.a2m,0.2,tph_theta_0.2.npy,MRATTNVGVGGLSPRALDETARCPSSALNSLAEWQETAGPAAFPFRPIVRHYQAVGRGRADAELVKALRVLAEQGCRRHGGGGRPAHGTILSSWLPCTFDQEDGDYDSYGAMPLLHQVAGTAAGGPDTGLDLQQVALLGDLLAFEAAAGRVCGSAPQQVRVRACLRALARAGELAPGAAGVTARFPGAPAADRAGELALLALEAVPPAVRLAAEITLLPMTPLHDEVMFIRSIQVFELVYRQVARCLERAVTALAGGDPAAAAAEVRGATARVAATGSLYRVLTTMPKESFAVIRSSTDGRSAIQSRAYREVERLSAPLPTERLPMELLRLDERPRPGRSLQEEYLAAGGGPRLDDLAAAMTGLDQAWHAMKRTHWGITLKIIGRVPGTGGSSGADYLREAAERPLFPALSPGGPHA
HO1,HO1.csv,HO1.pdb,HO1_b0.1.a2m,0.2,HO1_theta_0.2.npy,MASSLSTIALFLPQSLYIKPRLAPRPLPPPQFRSLFLTSPAGARTATVMPRRAAVIVSAATAETPKKKGESKGFVEEMRFVAMRLHTRDQAREGEKEVKQPEEKAVTKWDPSVEGYLKFLVDSKLVYDTLEKIVQEAPHPSYAEFRNTGLERSASLAEDLEWFKEQGYTIPEPSSPGLTYAQYLKELSVKDPQAFICHFYNIYFAHSAGGRMIGKKVAEKLLNNKALEFYKWDDDLPRLLQNVRDKLNKVAEPWSREEKDHCLEETEKSFKLSGEILRLILS
8in2,8in2.csv,8in2.pdb,8in2_b0.1.a2m,0.2,8in2_theta_0.2.npy,NIKETFFISHGTPMMAIDDSKPSKKFLESWREKIFSKKPKAILVISAHWETDQPSVNVVDINDTIYDFRGFPARLYQFKYSAPGSPELANRIQDLLAGSGFKSVNTDKKRGLDHGAWVPLMLMYPEADIPVCQLSVQSHLDGTHHYKLGQALAPLKDEGVLIIGSGSATHPSNGTPPCSDGVAPWAAAFDSWLETALTNGSYEEVNKYETKAPNWKLAHPWPEHFYPLHVAMGAAGENSKAELIHNSWDGGIMSYGSYKFTST
anc3,anc3.csv,anc3.pdb,anc3_b0.1.a2m,0.2,anc3_theta_0.2.npy,MNASTNVSATTPKSYAALPDARGHFGPYGGRYVPETLMPALEELEEAYERAKRDPAFQAELDYYLKHYVGRPSPLYFAERLTEHLGGAKIYLKREDLNHTGAHKINNAIGQALLAKRMGKKRVIAETGAGQHGVATATVAARFGLECVVYMGAEDVERQALNVFRMKLLGAEVRPVTSGSRTLKDAMNEAMRDWVTNVDDTFYIIGTVAGPHPYPMMVRDFQSVIGREARQQILEKEGRLPDALVACVGGGSNAMGLFHPFIDDEGVRMIGVEAGGHGIETGKHAASLSGGRPGVLHGNRTYLLQDEDGQIIEAHSISAGLDYPGVGPEHSWLKDIGRAEYVSVTDDEALAAFQLLSRLEGIIPALESSHALAYAAKLAPTMSKDQIIVVNLSGRGDKDVNTVARYLLGVDLD
qimei,qimei.csv,qimei.pdb,qimei_b0.1.a2m,0.2,qimei_theta_0.2.npy,AVVQQNLNIVNAQLAPDGFTRSTVTANGTFPGPLISGNIGDNFQINVIDNLTDTSMRRATSIHWHGLFQAGTNEMDGPAWVNQCPIVPDQSFLYNFSVPGQSGTYWYHSHLSTQYCDGLRGPIVLYDPNDPHKDLYDVDDETTVITLADWYHSVAPSLFPNLGNVDPVPNTTVINGLGRNTDGPADAPLAVVNVTAGQRYRFRIVSTSCYPAFNFSIDGHNMTIIETDGVETEPLTVDFINIFPAQRYSVVVTADQPVDNYWIRAIPSVAGATNATDGINSAILRYSGANNSEPTTNSTTNGIVMNEANIVPLVNPGAPGQPVIGGVDYALNLNITLNKTGNVGDGRHLVNGVTFIPPSVPVLLQILSGTTQPSQLLPSGSVYPLPANSTIEVSMPGAFPHPMHLHGHNFDVVRVAGSSQYNYANPVRRDTVSIGTASDNVTFRFVTNNAGPWFLHCHIDWHLEAGLAIVFAEDTPDIQSANPVNAAWDALCPNYAQSDPDTAFEATETEFI
5o30,5o30.csv,5o30.pdb,5o30_b0.3.a2m,0.2,5o30_theta_0.2.npy,MGSSHHHHHHSSGLVPRGSHMSNAENRPVALITMATGYVGPALARTMADRGFDLVLHGTAGDGTMVGVEESFDSQIADLAKRGADVLTISDVDLTTRTGNQSMIERVLERFGRLDSACLVTGLIVTGKFLDMTDDQWAKVKATNLDMVFHGLQAVLPPMVAAGAGQCVVFTSATGGRPDPMVSIYGGTRAGANGIVRAVGLEHARHGVQVNAIGTNYMDFPGFLKASRADGDPERRAMIEAQVPLRRLGTMDELSSVTAGLLDGSNRFQTGQFFDFSGGWGA
mafmo,mafmo.csv,mafmo.pdb,mafmo_b0.1.a2m,0.2,mafmo_theta_0.2.npy,MATRIAILGAGPSGLAQLRAFQAAQEKGAEIPELVCFEKQADWGGQWNYTWRTGLDENGEPVHSSMYRYLWSNGPKEILEFADYTFDEHFGKPIASYPPREVLWDYIKGRVEKAGVRKYIRFNTAVRHVEFNEDSQTFTVTVQDHTTDTIYSEEFDYVVCCTGHFSTPYVPEFEGFEKFGGRILHAHDFRDALEFKDKTVLLVGSSYSAEDIGSQCYKYGAKKLISCYRTAPMGYKWPENWDERPNLVRVDTENAYFADGSSEKVDAIILCTGYIHHFPFLNDDLRLVTNNRLWPLNLYKGVVWEDNPKFFYIGMQDQWYSFNMFDAQAWYARDVIMGRLPLPSKEEMKADSMAWREKELTLVTAEEMYTYQGDYIQNLIDMTDYPSFDIPATNKTFLEWKHHKKENIMTFRDHSYRSLMTGTMAPKHHTPWIDALDDSLEAYLSDKSEIPVAKEA
tyrh,tyrh.csv,tyrh.pdb,tyrh_b0.1.a2m,0.2,tyrh_theta_0.2.npy,GTVLTELPDHGRWDFGDFPYGLEPLTLPEPGSLEAADSGSVPAEFTLTCRHIAAIAAGGGPAERVQPADSSDRLYWFRWITGHQVTFILWQLLSRELARLPEEGPERDAALKAMTRYVRGYCAMLLYTGSMPRTVYGDVIRPSMFLQHPGFSGTWAPDHKPVQALFRGKKLPCVRDSADLAQAVHVYQVIHAGIAARMVPSGRSLLQEASVPSGVQHPDVLGVVYDNYFLTLRSRPSSRDVVAQLLRRLTAIALDVKDNALYPDGREAGSELPEELTRPEVTGHERDFLAILSEVAEEATGSP