mutant,mutated_sequence,DMS_score,SaProt_650M_AF2
W55A,PLSPLPAVARAELDARTEREIDRARLRRADNGFFRSARDVESVSPADGHAVAVWARQMTKAFMFTTLAGLGALARDYARRDADRELLGAFQTVYQVIGDDLDNAAPEFSAVAPTGPAGIHYVWWDDTIVAPLAAHVTEADRRAAEELPAPVRELLAAMDRLAAEPLGSAVQLRVVETIALDIAVGFRRVYGKVLAGGEPVFGEKDQFAWIDAHIKAETVHAAQVSDDETGMTGLVTDAERGEEFVRLVEEYAGLWSAALECFGDRLTG,0.0,2.131359815597534
W55R,PLSPLPAVARAELDARTEREIDRARLRRADNGFFRSARDVESVSPADGHAVAVWRRQMTKAFMFTTLAGLGALARDYARRDADRELLGAFQTVYQVIGDDLDNAAPEFSAVAPTGPAGIHYVWWDDTIVAPLAAHVTEADRRAAEELPAPVRELLAAMDRLAAEPLGSAVQLRVVETIALDIAVGFRRVYGKVLAGGEPVFGEKDQFAWIDAHIKAETVHAAQVSDDETGMTGLVTDAERGEEFVRLVEEYAGLWSAALECFGDRLTG,0.0,0.6757460236549377
W55N,PLSPLPAVARAELDARTEREIDRARLRRADNGFFRSARDVESVSPADGHAVAVWNRQMTKAFMFTTLAGLGALARDYARRDADRELLGAFQTVYQVIGDDLDNAAPEFSAVAPTGPAGIHYVWWDDTIVAPLAAHVTEADRRAAEELPAPVRELLAAMDRLAAEPLGSAVQLRVVETIALDIAVGFRRVYGKVLAGGEPVFGEKDQFAWIDAHIKAETVHAAQVSDDETGMTGLVTDAERGEEFVRLVEEYAGLWSAALECFGDRLTG,0.0,1.2974159717559814
W55D,PLSPLPAVARAELDARTEREIDRARLRRADNGFFRSARDVESVSPADGHAVAVWDRQMTKAFMFTTLAGLGALARDYARRDADRELLGAFQTVYQVIGDDLDNAAPEFSAVAPTGPAGIHYVWWDDTIVAPLAAHVTEADRRAAEELPAPVRELLAAMDRLAAEPLGSAVQLRVVETIALDIAVGFRRVYGKVLAGGEPVFGEKDQFAWIDAHIKAETVHAAQVSDDETGMTGLVTDAERGEEFVRLVEEYAGLWSAALECFGDRLTG,0.0,1.2419426441192627
W55C,PLSPLPAVARAELDARTEREIDRARLRRADNGFFRSARDVESVSPADGHAVAVWCRQMTKAFMFTTLAGLGALARDYARRDADRELLGAFQTVYQVIGDDLDNAAPEFSAVAPTGPAGIHYVWWDDTIVAPLAAHVTEADRRAAEELPAPVRELLAAMDRLAAEPLGSAVQLRVVETIALDIAVGFRRVYGKVLAGGEPVFGEKDQFAWIDAHIKAETVHAAQVSDDETGMTGLVTDAERGEEFVRLVEEYAGLWSAALECFGDRLTG,0.0,0.2708475589752197
W55Q,PLSPLPAVARAELDARTEREIDRARLRRADNGFFRSARDVESVSPADGHAVAVWQRQMTKAFMFTTLAGLGALARDYARRDADRELLGAFQTVYQVIGDDLDNAAPEFSAVAPTGPAGIHYVWWDDTIVAPLAAHVTEADRRAAEELPAPVRELLAAMDRLAAEPLGSAVQLRVVETIALDIAVGFRRVYGKVLAGGEPVFGEKDQFAWIDAHIKAETVHAAQVSDDETGMTGLVTDAERGEEFVRLVEEYAGLWSAALECFGDRLTG,0.0,1.0607666969299316
W55E,PLSPLPAVARAELDARTEREIDRARLRRADNGFFRSARDVESVSPADGHAVAVWERQMTKAFMFTTLAGLGALARDYARRDADRELLGAFQTVYQVIGDDLDNAAPEFSAVAPTGPAGIHYVWWDDTIVAPLAAHVTEADRRAAEELPAPVRELLAAMDRLAAEPLGSAVQLRVVETIALDIAVGFRRVYGKVLAGGEPVFGEKDQFAWIDAHIKAETVHAAQVSDDETGMTGLVTDAERGEEFVRLVEEYAGLWSAALECFGDRLTG,0.0,1.08376944065094
W55G,PLSPLPAVARAELDARTEREIDRARLRRADNGFFRSARDVESVSPADGHAVAVWGRQMTKAFMFTTLAGLGALARDYARRDADRELLGAFQTVYQVIGDDLDNAAPEFSAVAPTGPAGIHYVWWDDTIVAPLAAHVTEADRRAAEELPAPVRELLAAMDRLAAEPLGSAVQLRVVETIALDIAVGFRRVYGKVLAGGEPVFGEKDQFAWIDAHIKAETVHAAQVSDDETGMTGLVTDAERGEEFVRLVEEYAGLWSAALECFGDRLTG,0.0,1.4919984340667725
W55H,PLSPLPAVARAELDARTEREIDRARLRRADNGFFRSARDVESVSPADGHAVAVWHRQMTKAFMFTTLAGLGALARDYARRDADRELLGAFQTVYQVIGDDLDNAAPEFSAVAPTGPAGIHYVWWDDTIVAPLAAHVTEADRRAAEELPAPVRELLAAMDRLAAEPLGSAVQLRVVETIALDIAVGFRRVYGKVLAGGEPVFGEKDQFAWIDAHIKAETVHAAQVSDDETGMTGLVTDAERGEEFVRLVEEYAGLWSAALECFGDRLTG,0.0,1.2920725345611572
W55I,PLSPLPAVARAELDARTEREIDRARLRRADNGFFRSARDVESVSPADGHAVAVWIRQMTKAFMFTTLAGLGALARDYARRDADRELLGAFQTVYQVIGDDLDNAAPEFSAVAPTGPAGIHYVWWDDTIVAPLAAHVTEADRRAAEELPAPVRELLAAMDRLAAEPLGSAVQLRVVETIALDIAVGFRRVYGKVLAGGEPVFGEKDQFAWIDAHIKAETVHAAQVSDDETGMTGLVTDAERGEEFVRLVEEYAGLWSAALECFGDRLTG,0.0,0.6292717456817627
W55L,PLSPLPAVARAELDARTEREIDRARLRRADNGFFRSARDVESVSPADGHAVAVWLRQMTKAFMFTTLAGLGALARDYARRDADRELLGAFQTVYQVIGDDLDNAAPEFSAVAPTGPAGIHYVWWDDTIVAPLAAHVTEADRRAAEELPAPVRELLAAMDRLAAEPLGSAVQLRVVETIALDIAVGFRRVYGKVLAGGEPVFGEKDQFAWIDAHIKAETVHAAQVSDDETGMTGLVTDAERGEEFVRLVEEYAGLWSAALECFGDRLTG,0.0,1.941997766494751
W55K,PLSPLPAVARAELDARTEREIDRARLRRADNGFFRSARDVESVSPADGHAVAVWKRQMTKAFMFTTLAGLGALARDYARRDADRELLGAFQTVYQVIGDDLDNAAPEFSAVAPTGPAGIHYVWWDDTIVAPLAAHVTEADRRAAEELPAPVRELLAAMDRLAAEPLGSAVQLRVVETIALDIAVGFRRVYGKVLAGGEPVFGEKDQFAWIDAHIKAETVHAAQVSDDETGMTGLVTDAERGEEFVRLVEEYAGLWSAALECFGDRLTG,0.0,-0.766613245010376
W55M,PLSPLPAVARAELDARTEREIDRARLRRADNGFFRSARDVESVSPADGHAVAVWMRQMTKAFMFTTLAGLGALARDYARRDADRELLGAFQTVYQVIGDDLDNAAPEFSAVAPTGPAGIHYVWWDDTIVAPLAAHVTEADRRAAEELPAPVRELLAAMDRLAAEPLGSAVQLRVVETIALDIAVGFRRVYGKVLAGGEPVFGEKDQFAWIDAHIKAETVHAAQVSDDETGMTGLVTDAERGEEFVRLVEEYAGLWSAALECFGDRLTG,0.0,0.6950170397758484
W55F,PLSPLPAVARAELDARTEREIDRARLRRADNGFFRSARDVESVSPADGHAVAVWFRQMTKAFMFTTLAGLGALARDYARRDADRELLGAFQTVYQVIGDDLDNAAPEFSAVAPTGPAGIHYVWWDDTIVAPLAAHVTEADRRAAEELPAPVRELLAAMDRLAAEPLGSAVQLRVVETIALDIAVGFRRVYGKVLAGGEPVFGEKDQFAWIDAHIKAETVHAAQVSDDETGMTGLVTDAERGEEFVRLVEEYAGLWSAALECFGDRLTG,0.0,0.9650802612304688
W55P,PLSPLPAVARAELDARTEREIDRARLRRADNGFFRSARDVESVSPADGHAVAVWPRQMTKAFMFTTLAGLGALARDYARRDADRELLGAFQTVYQVIGDDLDNAAPEFSAVAPTGPAGIHYVWWDDTIVAPLAAHVTEADRRAAEELPAPVRELLAAMDRLAAEPLGSAVQLRVVETIALDIAVGFRRVYGKVLAGGEPVFGEKDQFAWIDAHIKAETVHAAQVSDDETGMTGLVTDAERGEEFVRLVEEYAGLWSAALECFGDRLTG,0.0,-0.2059270739555359
W55S,PLSPLPAVARAELDARTEREIDRARLRRADNGFFRSARDVESVSPADGHAVAVWSRQMTKAFMFTTLAGLGALARDYARRDADRELLGAFQTVYQVIGDDLDNAAPEFSAVAPTGPAGIHYVWWDDTIVAPLAAHVTEADRRAAEELPAPVRELLAAMDRLAAEPLGSAVQLRVVETIALDIAVGFRRVYGKVLAGGEPVFGEKDQFAWIDAHIKAETVHAAQVSDDETGMTGLVTDAERGEEFVRLVEEYAGLWSAALECFGDRLTG,0.0,1.8264318704605103
W55T,PLSPLPAVARAELDARTEREIDRARLRRADNGFFRSARDVESVSPADGHAVAVWTRQMTKAFMFTTLAGLGALARDYARRDADRELLGAFQTVYQVIGDDLDNAAPEFSAVAPTGPAGIHYVWWDDTIVAPLAAHVTEADRRAAEELPAPVRELLAAMDRLAAEPLGSAVQLRVVETIALDIAVGFRRVYGKVLAGGEPVFGEKDQFAWIDAHIKAETVHAAQVSDDETGMTGLVTDAERGEEFVRLVEEYAGLWSAALECFGDRLTG,0.0,1.778738021850586
W55Y,PLSPLPAVARAELDARTEREIDRARLRRADNGFFRSARDVESVSPADGHAVAVWYRQMTKAFMFTTLAGLGALARDYARRDADRELLGAFQTVYQVIGDDLDNAAPEFSAVAPTGPAGIHYVWWDDTIVAPLAAHVTEADRRAAEELPAPVRELLAAMDRLAAEPLGSAVQLRVVETIALDIAVGFRRVYGKVLAGGEPVFGEKDQFAWIDAHIKAETVHAAQVSDDETGMTGLVTDAERGEEFVRLVEEYAGLWSAALECFGDRLTG,0.0,0.9040753841400146
W55V,PLSPLPAVARAELDARTEREIDRARLRRADNGFFRSARDVESVSPADGHAVAVWVRQMTKAFMFTTLAGLGALARDYARRDADRELLGAFQTVYQVIGDDLDNAAPEFSAVAPTGPAGIHYVWWDDTIVAPLAAHVTEADRRAAEELPAPVRELLAAMDRLAAEPLGSAVQLRVVETIALDIAVGFRRVYGKVLAGGEPVFGEKDQFAWIDAHIKAETVHAAQVSDDETGMTGLVTDAERGEEFVRLVEEYAGLWSAALECFGDRLTG,0.0,1.248556137084961
F62A,PLSPLPAVARAELDARTEREIDRARLRRADNGFFRSARDVESVSPADGHAVAVWWRQMTKAAMFTTLAGLGALARDYARRDADRELLGAFQTVYQVIGDDLDNAAPEFSAVAPTGPAGIHYVWWDDTIVAPLAAHVTEADRRAAEELPAPVRELLAAMDRLAAEPLGSAVQLRVVETIALDIAVGFRRVYGKVLAGGEPVFGEKDQFAWIDAHIKAETVHAAQVSDDETGMTGLVTDAERGEEFVRLVEEYAGLWSAALECFGDRLTG,0.0,1.2964513301849365
F62R,PLSPLPAVARAELDARTEREIDRARLRRADNGFFRSARDVESVSPADGHAVAVWWRQMTKARMFTTLAGLGALARDYARRDADRELLGAFQTVYQVIGDDLDNAAPEFSAVAPTGPAGIHYVWWDDTIVAPLAAHVTEADRRAAEELPAPVRELLAAMDRLAAEPLGSAVQLRVVETIALDIAVGFRRVYGKVLAGGEPVFGEKDQFAWIDAHIKAETVHAAQVSDDETGMTGLVTDAERGEEFVRLVEEYAGLWSAALECFGDRLTG,0.0,0.9927094578742981
F62N,PLSPLPAVARAELDARTEREIDRARLRRADNGFFRSARDVESVSPADGHAVAVWWRQMTKANMFTTLAGLGALARDYARRDADRELLGAFQTVYQVIGDDLDNAAPEFSAVAPTGPAGIHYVWWDDTIVAPLAAHVTEADRRAAEELPAPVRELLAAMDRLAAEPLGSAVQLRVVETIALDIAVGFRRVYGKVLAGGEPVFGEKDQFAWIDAHIKAETVHAAQVSDDETGMTGLVTDAERGEEFVRLVEEYAGLWSAALECFGDRLTG,0.0,0.14887236058712006
F62D,PLSPLPAVARAELDARTEREIDRARLRRADNGFFRSARDVESVSPADGHAVAVWWRQMTKADMFTTLAGLGALARDYARRDADRELLGAFQTVYQVIGDDLDNAAPEFSAVAPTGPAGIHYVWWDDTIVAPLAAHVTEADRRAAEELPAPVRELLAAMDRLAAEPLGSAVQLRVVETIALDIAVGFRRVYGKVLAGGEPVFGEKDQFAWIDAHIKAETVHAAQVSDDETGMTGLVTDAERGEEFVRLVEEYAGLWSAALECFGDRLTG,0.0,0.8720200657844543
F62C,PLSPLPAVARAELDARTEREIDRARLRRADNGFFRSARDVESVSPADGHAVAVWWRQMTKACMFTTLAGLGALARDYARRDADRELLGAFQTVYQVIGDDLDNAAPEFSAVAPTGPAGIHYVWWDDTIVAPLAAHVTEADRRAAEELPAPVRELLAAMDRLAAEPLGSAVQLRVVETIALDIAVGFRRVYGKVLAGGEPVFGEKDQFAWIDAHIKAETVHAAQVSDDETGMTGLVTDAERGEEFVRLVEEYAGLWSAALECFGDRLTG,0.0,-0.9622384905815125
F62Q,PLSPLPAVARAELDARTEREIDRARLRRADNGFFRSARDVESVSPADGHAVAVWWRQMTKAQMFTTLAGLGALARDYARRDADRELLGAFQTVYQVIGDDLDNAAPEFSAVAPTGPAGIHYVWWDDTIVAPLAAHVTEADRRAAEELPAPVRELLAAMDRLAAEPLGSAVQLRVVETIALDIAVGFRRVYGKVLAGGEPVFGEKDQFAWIDAHIKAETVHAAQVSDDETGMTGLVTDAERGEEFVRLVEEYAGLWSAALECFGDRLTG,0.0,0.36495429277420044
F62E,PLSPLPAVARAELDARTEREIDRARLRRADNGFFRSARDVESVSPADGHAVAVWWRQMTKAEMFTTLAGLGALARDYARRDADRELLGAFQTVYQVIGDDLDNAAPEFSAVAPTGPAGIHYVWWDDTIVAPLAAHVTEADRRAAEELPAPVRELLAAMDRLAAEPLGSAVQLRVVETIALDIAVGFRRVYGKVLAGGEPVFGEKDQFAWIDAHIKAETVHAAQVSDDETGMTGLVTDAERGEEFVRLVEEYAGLWSAALECFGDRLTG,0.0,1.1801910400390625
F62G,PLSPLPAVARAELDARTEREIDRARLRRADNGFFRSARDVESVSPADGHAVAVWWRQMTKAGMFTTLAGLGALARDYARRDADRELLGAFQTVYQVIGDDLDNAAPEFSAVAPTGPAGIHYVWWDDTIVAPLAAHVTEADRRAAEELPAPVRELLAAMDRLAAEPLGSAVQLRVVETIALDIAVGFRRVYGKVLAGGEPVFGEKDQFAWIDAHIKAETVHAAQVSDDETGMTGLVTDAERGEEFVRLVEEYAGLWSAALECFGDRLTG,0.0,1.6278419494628906
F62H,PLSPLPAVARAELDARTEREIDRARLRRADNGFFRSARDVESVSPADGHAVAVWWRQMTKAHMFTTLAGLGALARDYARRDADRELLGAFQTVYQVIGDDLDNAAPEFSAVAPTGPAGIHYVWWDDTIVAPLAAHVTEADRRAAEELPAPVRELLAAMDRLAAEPLGSAVQLRVVETIALDIAVGFRRVYGKVLAGGEPVFGEKDQFAWIDAHIKAETVHAAQVSDDETGMTGLVTDAERGEEFVRLVEEYAGLWSAALECFGDRLTG,0.0,0.9991888403892517
F62I,PLSPLPAVARAELDARTEREIDRARLRRADNGFFRSARDVESVSPADGHAVAVWWRQMTKAIMFTTLAGLGALARDYARRDADRELLGAFQTVYQVIGDDLDNAAPEFSAVAPTGPAGIHYVWWDDTIVAPLAAHVTEADRRAAEELPAPVRELLAAMDRLAAEPLGSAVQLRVVETIALDIAVGFRRVYGKVLAGGEPVFGEKDQFAWIDAHIKAETVHAAQVSDDETGMTGLVTDAERGEEFVRLVEEYAGLWSAALECFGDRLTG,0.0,-0.6258748173713684
F62L,PLSPLPAVARAELDARTEREIDRARLRRADNGFFRSARDVESVSPADGHAVAVWWRQMTKALMFTTLAGLGALARDYARRDADRELLGAFQTVYQVIGDDLDNAAPEFSAVAPTGPAGIHYVWWDDTIVAPLAAHVTEADRRAAEELPAPVRELLAAMDRLAAEPLGSAVQLRVVETIALDIAVGFRRVYGKVLAGGEPVFGEKDQFAWIDAHIKAETVHAAQVSDDETGMTGLVTDAERGEEFVRLVEEYAGLWSAALECFGDRLTG,0.0,0.6506039500236511
F62K,PLSPLPAVARAELDARTEREIDRARLRRADNGFFRSARDVESVSPADGHAVAVWWRQMTKAKMFTTLAGLGALARDYARRDADRELLGAFQTVYQVIGDDLDNAAPEFSAVAPTGPAGIHYVWWDDTIVAPLAAHVTEADRRAAEELPAPVRELLAAMDRLAAEPLGSAVQLRVVETIALDIAVGFRRVYGKVLAGGEPVFGEKDQFAWIDAHIKAETVHAAQVSDDETGMTGLVTDAERGEEFVRLVEEYAGLWSAALECFGDRLTG,0.0,-0.15363267064094543
F62M,PLSPLPAVARAELDARTEREIDRARLRRADNGFFRSARDVESVSPADGHAVAVWWRQMTKAMMFTTLAGLGALARDYARRDADRELLGAFQTVYQVIGDDLDNAAPEFSAVAPTGPAGIHYVWWDDTIVAPLAAHVTEADRRAAEELPAPVRELLAAMDRLAAEPLGSAVQLRVVETIALDIAVGFRRVYGKVLAGGEPVFGEKDQFAWIDAHIKAETVHAAQVSDDETGMTGLVTDAERGEEFVRLVEEYAGLWSAALECFGDRLTG,0.0,-0.25659888982772827
F62P,PLSPLPAVARAELDARTEREIDRARLRRADNGFFRSARDVESVSPADGHAVAVWWRQMTKAPMFTTLAGLGALARDYARRDADRELLGAFQTVYQVIGDDLDNAAPEFSAVAPTGPAGIHYVWWDDTIVAPLAAHVTEADRRAAEELPAPVRELLAAMDRLAAEPLGSAVQLRVVETIALDIAVGFRRVYGKVLAGGEPVFGEKDQFAWIDAHIKAETVHAAQVSDDETGMTGLVTDAERGEEFVRLVEEYAGLWSAALECFGDRLTG,0.0,0.8126046657562256
F62S,PLSPLPAVARAELDARTEREIDRARLRRADNGFFRSARDVESVSPADGHAVAVWWRQMTKASMFTTLAGLGALARDYARRDADRELLGAFQTVYQVIGDDLDNAAPEFSAVAPTGPAGIHYVWWDDTIVAPLAAHVTEADRRAAEELPAPVRELLAAMDRLAAEPLGSAVQLRVVETIALDIAVGFRRVYGKVLAGGEPVFGEKDQFAWIDAHIKAETVHAAQVSDDETGMTGLVTDAERGEEFVRLVEEYAGLWSAALECFGDRLTG,0.0,1.0154061317443848
F62T,PLSPLPAVARAELDARTEREIDRARLRRADNGFFRSARDVESVSPADGHAVAVWWRQMTKATMFTTLAGLGALARDYARRDADRELLGAFQTVYQVIGDDLDNAAPEFSAVAPTGPAGIHYVWWDDTIVAPLAAHVTEADRRAAEELPAPVRELLAAMDRLAAEPLGSAVQLRVVETIALDIAVGFRRVYGKVLAGGEPVFGEKDQFAWIDAHIKAETVHAAQVSDDETGMTGLVTDAERGEEFVRLVEEYAGLWSAALECFGDRLTG,0.0,0.833310604095459
F62W,PLSPLPAVARAELDARTEREIDRARLRRADNGFFRSARDVESVSPADGHAVAVWWRQMTKAWMFTTLAGLGALARDYARRDADRELLGAFQTVYQVIGDDLDNAAPEFSAVAPTGPAGIHYVWWDDTIVAPLAAHVTEADRRAAEELPAPVRELLAAMDRLAAEPLGSAVQLRVVETIALDIAVGFRRVYGKVLAGGEPVFGEKDQFAWIDAHIKAETVHAAQVSDDETGMTGLVTDAERGEEFVRLVEEYAGLWSAALECFGDRLTG,0.0,-0.40438491106033325
F62Y,PLSPLPAVARAELDARTEREIDRARLRRADNGFFRSARDVESVSPADGHAVAVWWRQMTKAYMFTTLAGLGALARDYARRDADRELLGAFQTVYQVIGDDLDNAAPEFSAVAPTGPAGIHYVWWDDTIVAPLAAHVTEADRRAAEELPAPVRELLAAMDRLAAEPLGSAVQLRVVETIALDIAVGFRRVYGKVLAGGEPVFGEKDQFAWIDAHIKAETVHAAQVSDDETGMTGLVTDAERGEEFVRLVEEYAGLWSAALECFGDRLTG,0.0,-0.18193656206130981
F62V,PLSPLPAVARAELDARTEREIDRARLRRADNGFFRSARDVESVSPADGHAVAVWWRQMTKAVMFTTLAGLGALARDYARRDADRELLGAFQTVYQVIGDDLDNAAPEFSAVAPTGPAGIHYVWWDDTIVAPLAAHVTEADRRAAEELPAPVRELLAAMDRLAAEPLGSAVQLRVVETIALDIAVGFRRVYGKVLAGGEPVFGEKDQFAWIDAHIKAETVHAAQVSDDETGMTGLVTDAERGEEFVRLVEEYAGLWSAALECFGDRLTG,0.0,0.66009122133255
V175A,PLSPLPAVARAELDARTEREIDRARLRRADNGFFRSARDVESVSPADGHAVAVWWRQMTKAFMFTTLAGLGALARDYARRDADRELLGAFQTVYQVIGDDLDNAAPEFSAVAPTGPAGIHYVWWDDTIVAPLAAHVTEADRRAAEELPAPVRELLAAMDRLAAEPLGSAVQLRVAETIALDIAVGFRRVYGKVLAGGEPVFGEKDQFAWIDAHIKAETVHAAQVSDDETGMTGLVTDAERGEEFVRLVEEYAGLWSAALECFGDRLTG,0.0,-0.9292393922805786
V175R,PLSPLPAVARAELDARTEREIDRARLRRADNGFFRSARDVESVSPADGHAVAVWWRQMTKAFMFTTLAGLGALARDYARRDADRELLGAFQTVYQVIGDDLDNAAPEFSAVAPTGPAGIHYVWWDDTIVAPLAAHVTEADRRAAEELPAPVRELLAAMDRLAAEPLGSAVQLRVRETIALDIAVGFRRVYGKVLAGGEPVFGEKDQFAWIDAHIKAETVHAAQVSDDETGMTGLVTDAERGEEFVRLVEEYAGLWSAALECFGDRLTG,0.0,-3.3199455738067627
V175N,PLSPLPAVARAELDARTEREIDRARLRRADNGFFRSARDVESVSPADGHAVAVWWRQMTKAFMFTTLAGLGALARDYARRDADRELLGAFQTVYQVIGDDLDNAAPEFSAVAPTGPAGIHYVWWDDTIVAPLAAHVTEADRRAAEELPAPVRELLAAMDRLAAEPLGSAVQLRVNETIALDIAVGFRRVYGKVLAGGEPVFGEKDQFAWIDAHIKAETVHAAQVSDDETGMTGLVTDAERGEEFVRLVEEYAGLWSAALECFGDRLTG,0.0,-1.246232509613037
V175D,PLSPLPAVARAELDARTEREIDRARLRRADNGFFRSARDVESVSPADGHAVAVWWRQMTKAFMFTTLAGLGALARDYARRDADRELLGAFQTVYQVIGDDLDNAAPEFSAVAPTGPAGIHYVWWDDTIVAPLAAHVTEADRRAAEELPAPVRELLAAMDRLAAEPLGSAVQLRVDETIALDIAVGFRRVYGKVLAGGEPVFGEKDQFAWIDAHIKAETVHAAQVSDDETGMTGLVTDAERGEEFVRLVEEYAGLWSAALECFGDRLTG,0.0,-2.8109183311462402
V175C,PLSPLPAVARAELDARTEREIDRARLRRADNGFFRSARDVESVSPADGHAVAVWWRQMTKAFMFTTLAGLGALARDYARRDADRELLGAFQTVYQVIGDDLDNAAPEFSAVAPTGPAGIHYVWWDDTIVAPLAAHVTEADRRAAEELPAPVRELLAAMDRLAAEPLGSAVQLRVCETIALDIAVGFRRVYGKVLAGGEPVFGEKDQFAWIDAHIKAETVHAAQVSDDETGMTGLVTDAERGEEFVRLVEEYAGLWSAALECFGDRLTG,0.0,-3.169726848602295
V175Q,PLSPLPAVARAELDARTEREIDRARLRRADNGFFRSARDVESVSPADGHAVAVWWRQMTKAFMFTTLAGLGALARDYARRDADRELLGAFQTVYQVIGDDLDNAAPEFSAVAPTGPAGIHYVWWDDTIVAPLAAHVTEADRRAAEELPAPVRELLAAMDRLAAEPLGSAVQLRVQETIALDIAVGFRRVYGKVLAGGEPVFGEKDQFAWIDAHIKAETVHAAQVSDDETGMTGLVTDAERGEEFVRLVEEYAGLWSAALECFGDRLTG,0.0,-2.3614089488983154
V175E,PLSPLPAVARAELDARTEREIDRARLRRADNGFFRSARDVESVSPADGHAVAVWWRQMTKAFMFTTLAGLGALARDYARRDADRELLGAFQTVYQVIGDDLDNAAPEFSAVAPTGPAGIHYVWWDDTIVAPLAAHVTEADRRAAEELPAPVRELLAAMDRLAAEPLGSAVQLRVEETIALDIAVGFRRVYGKVLAGGEPVFGEKDQFAWIDAHIKAETVHAAQVSDDETGMTGLVTDAERGEEFVRLVEEYAGLWSAALECFGDRLTG,0.0,-2.466156482696533
V175G,PLSPLPAVARAELDARTEREIDRARLRRADNGFFRSARDVESVSPADGHAVAVWWRQMTKAFMFTTLAGLGALARDYARRDADRELLGAFQTVYQVIGDDLDNAAPEFSAVAPTGPAGIHYVWWDDTIVAPLAAHVTEADRRAAEELPAPVRELLAAMDRLAAEPLGSAVQLRVGETIALDIAVGFRRVYGKVLAGGEPVFGEKDQFAWIDAHIKAETVHAAQVSDDETGMTGLVTDAERGEEFVRLVEEYAGLWSAALECFGDRLTG,0.0,-1.4903167486190796
V175H,PLSPLPAVARAELDARTEREIDRARLRRADNGFFRSARDVESVSPADGHAVAVWWRQMTKAFMFTTLAGLGALARDYARRDADRELLGAFQTVYQVIGDDLDNAAPEFSAVAPTGPAGIHYVWWDDTIVAPLAAHVTEADRRAAEELPAPVRELLAAMDRLAAEPLGSAVQLRVHETIALDIAVGFRRVYGKVLAGGEPVFGEKDQFAWIDAHIKAETVHAAQVSDDETGMTGLVTDAERGEEFVRLVEEYAGLWSAALECFGDRLTG,0.0,-1.9483383893966675
V175I,PLSPLPAVARAELDARTEREIDRARLRRADNGFFRSARDVESVSPADGHAVAVWWRQMTKAFMFTTLAGLGALARDYARRDADRELLGAFQTVYQVIGDDLDNAAPEFSAVAPTGPAGIHYVWWDDTIVAPLAAHVTEADRRAAEELPAPVRELLAAMDRLAAEPLGSAVQLRVIETIALDIAVGFRRVYGKVLAGGEPVFGEKDQFAWIDAHIKAETVHAAQVSDDETGMTGLVTDAERGEEFVRLVEEYAGLWSAALECFGDRLTG,0.0,0.2095901519060135
V175L,PLSPLPAVARAELDARTEREIDRARLRRADNGFFRSARDVESVSPADGHAVAVWWRQMTKAFMFTTLAGLGALARDYARRDADRELLGAFQTVYQVIGDDLDNAAPEFSAVAPTGPAGIHYVWWDDTIVAPLAAHVTEADRRAAEELPAPVRELLAAMDRLAAEPLGSAVQLRVLETIALDIAVGFRRVYGKVLAGGEPVFGEKDQFAWIDAHIKAETVHAAQVSDDETGMTGLVTDAERGEEFVRLVEEYAGLWSAALECFGDRLTG,0.0,0.11613309383392334
V175K,PLSPLPAVARAELDARTEREIDRARLRRADNGFFRSARDVESVSPADGHAVAVWWRQMTKAFMFTTLAGLGALARDYARRDADRELLGAFQTVYQVIGDDLDNAAPEFSAVAPTGPAGIHYVWWDDTIVAPLAAHVTEADRRAAEELPAPVRELLAAMDRLAAEPLGSAVQLRVKETIALDIAVGFRRVYGKVLAGGEPVFGEKDQFAWIDAHIKAETVHAAQVSDDETGMTGLVTDAERGEEFVRLVEEYAGLWSAALECFGDRLTG,0.0,-4.400154113769531
V175M,PLSPLPAVARAELDARTEREIDRARLRRADNGFFRSARDVESVSPADGHAVAVWWRQMTKAFMFTTLAGLGALARDYARRDADRELLGAFQTVYQVIGDDLDNAAPEFSAVAPTGPAGIHYVWWDDTIVAPLAAHVTEADRRAAEELPAPVRELLAAMDRLAAEPLGSAVQLRVMETIALDIAVGFRRVYGKVLAGGEPVFGEKDQFAWIDAHIKAETVHAAQVSDDETGMTGLVTDAERGEEFVRLVEEYAGLWSAALECFGDRLTG,0.0,-1.407636284828186
V175F,PLSPLPAVARAELDARTEREIDRARLRRADNGFFRSARDVESVSPADGHAVAVWWRQMTKAFMFTTLAGLGALARDYARRDADRELLGAFQTVYQVIGDDLDNAAPEFSAVAPTGPAGIHYVWWDDTIVAPLAAHVTEADRRAAEELPAPVRELLAAMDRLAAEPLGSAVQLRVFETIALDIAVGFRRVYGKVLAGGEPVFGEKDQFAWIDAHIKAETVHAAQVSDDETGMTGLVTDAERGEEFVRLVEEYAGLWSAALECFGDRLTG,0.0,0.14312852919101715
V175P,PLSPLPAVARAELDARTEREIDRARLRRADNGFFRSARDVESVSPADGHAVAVWWRQMTKAFMFTTLAGLGALARDYARRDADRELLGAFQTVYQVIGDDLDNAAPEFSAVAPTGPAGIHYVWWDDTIVAPLAAHVTEADRRAAEELPAPVRELLAAMDRLAAEPLGSAVQLRVPETIALDIAVGFRRVYGKVLAGGEPVFGEKDQFAWIDAHIKAETVHAAQVSDDETGMTGLVTDAERGEEFVRLVEEYAGLWSAALECFGDRLTG,0.0,-0.9560328722000122
V175S,PLSPLPAVARAELDARTEREIDRARLRRADNGFFRSARDVESVSPADGHAVAVWWRQMTKAFMFTTLAGLGALARDYARRDADRELLGAFQTVYQVIGDDLDNAAPEFSAVAPTGPAGIHYVWWDDTIVAPLAAHVTEADRRAAEELPAPVRELLAAMDRLAAEPLGSAVQLRVSETIALDIAVGFRRVYGKVLAGGEPVFGEKDQFAWIDAHIKAETVHAAQVSDDETGMTGLVTDAERGEEFVRLVEEYAGLWSAALECFGDRLTG,0.0,-1.0003159046173096
V175T,PLSPLPAVARAELDARTEREIDRARLRRADNGFFRSARDVESVSPADGHAVAVWWRQMTKAFMFTTLAGLGALARDYARRDADRELLGAFQTVYQVIGDDLDNAAPEFSAVAPTGPAGIHYVWWDDTIVAPLAAHVTEADRRAAEELPAPVRELLAAMDRLAAEPLGSAVQLRVTETIALDIAVGFRRVYGKVLAGGEPVFGEKDQFAWIDAHIKAETVHAAQVSDDETGMTGLVTDAERGEEFVRLVEEYAGLWSAALECFGDRLTG,0.0,-0.5040634870529175
V175W,PLSPLPAVARAELDARTEREIDRARLRRADNGFFRSARDVESVSPADGHAVAVWWRQMTKAFMFTTLAGLGALARDYARRDADRELLGAFQTVYQVIGDDLDNAAPEFSAVAPTGPAGIHYVWWDDTIVAPLAAHVTEADRRAAEELPAPVRELLAAMDRLAAEPLGSAVQLRVWETIALDIAVGFRRVYGKVLAGGEPVFGEKDQFAWIDAHIKAETVHAAQVSDDETGMTGLVTDAERGEEFVRLVEEYAGLWSAALECFGDRLTG,0.0,-2.0079519748687744
V175Y,PLSPLPAVARAELDARTEREIDRARLRRADNGFFRSARDVESVSPADGHAVAVWWRQMTKAFMFTTLAGLGALARDYARRDADRELLGAFQTVYQVIGDDLDNAAPEFSAVAPTGPAGIHYVWWDDTIVAPLAAHVTEADRRAAEELPAPVRELLAAMDRLAAEPLGSAVQLRVYETIALDIAVGFRRVYGKVLAGGEPVFGEKDQFAWIDAHIKAETVHAAQVSDDETGMTGLVTDAERGEEFVRLVEEYAGLWSAALECFGDRLTG,0.0,-1.5659486055374146
I178A,PLSPLPAVARAELDARTEREIDRARLRRADNGFFRSARDVESVSPADGHAVAVWWRQMTKAFMFTTLAGLGALARDYARRDADRELLGAFQTVYQVIGDDLDNAAPEFSAVAPTGPAGIHYVWWDDTIVAPLAAHVTEADRRAAEELPAPVRELLAAMDRLAAEPLGSAVQLRVVETAALDIAVGFRRVYGKVLAGGEPVFGEKDQFAWIDAHIKAETVHAAQVSDDETGMTGLVTDAERGEEFVRLVEEYAGLWSAALECFGDRLTG,0.0,-0.6905772089958191
I178R,PLSPLPAVARAELDARTEREIDRARLRRADNGFFRSARDVESVSPADGHAVAVWWRQMTKAFMFTTLAGLGALARDYARRDADRELLGAFQTVYQVIGDDLDNAAPEFSAVAPTGPAGIHYVWWDDTIVAPLAAHVTEADRRAAEELPAPVRELLAAMDRLAAEPLGSAVQLRVVETRALDIAVGFRRVYGKVLAGGEPVFGEKDQFAWIDAHIKAETVHAAQVSDDETGMTGLVTDAERGEEFVRLVEEYAGLWSAALECFGDRLTG,0.0,-1.6185681819915771
I178N,PLSPLPAVARAELDARTEREIDRARLRRADNGFFRSARDVESVSPADGHAVAVWWRQMTKAFMFTTLAGLGALARDYARRDADRELLGAFQTVYQVIGDDLDNAAPEFSAVAPTGPAGIHYVWWDDTIVAPLAAHVTEADRRAAEELPAPVRELLAAMDRLAAEPLGSAVQLRVVETNALDIAVGFRRVYGKVLAGGEPVFGEKDQFAWIDAHIKAETVHAAQVSDDETGMTGLVTDAERGEEFVRLVEEYAGLWSAALECFGDRLTG,0.0,-1.7599561214447021
I178D,PLSPLPAVARAELDARTEREIDRARLRRADNGFFRSARDVESVSPADGHAVAVWWRQMTKAFMFTTLAGLGALARDYARRDADRELLGAFQTVYQVIGDDLDNAAPEFSAVAPTGPAGIHYVWWDDTIVAPLAAHVTEADRRAAEELPAPVRELLAAMDRLAAEPLGSAVQLRVVETDALDIAVGFRRVYGKVLAGGEPVFGEKDQFAWIDAHIKAETVHAAQVSDDETGMTGLVTDAERGEEFVRLVEEYAGLWSAALECFGDRLTG,0.0,-2.253793716430664
I178C,PLSPLPAVARAELDARTEREIDRARLRRADNGFFRSARDVESVSPADGHAVAVWWRQMTKAFMFTTLAGLGALARDYARRDADRELLGAFQTVYQVIGDDLDNAAPEFSAVAPTGPAGIHYVWWDDTIVAPLAAHVTEADRRAAEELPAPVRELLAAMDRLAAEPLGSAVQLRVVETCALDIAVGFRRVYGKVLAGGEPVFGEKDQFAWIDAHIKAETVHAAQVSDDETGMTGLVTDAERGEEFVRLVEEYAGLWSAALECFGDRLTG,0.0,-1.686108112335205
I178Q,PLSPLPAVARAELDARTEREIDRARLRRADNGFFRSARDVESVSPADGHAVAVWWRQMTKAFMFTTLAGLGALARDYARRDADRELLGAFQTVYQVIGDDLDNAAPEFSAVAPTGPAGIHYVWWDDTIVAPLAAHVTEADRRAAEELPAPVRELLAAMDRLAAEPLGSAVQLRVVETQALDIAVGFRRVYGKVLAGGEPVFGEKDQFAWIDAHIKAETVHAAQVSDDETGMTGLVTDAERGEEFVRLVEEYAGLWSAALECFGDRLTG,0.0,-1.7349567413330078
I178E,PLSPLPAVARAELDARTEREIDRARLRRADNGFFRSARDVESVSPADGHAVAVWWRQMTKAFMFTTLAGLGALARDYARRDADRELLGAFQTVYQVIGDDLDNAAPEFSAVAPTGPAGIHYVWWDDTIVAPLAAHVTEADRRAAEELPAPVRELLAAMDRLAAEPLGSAVQLRVVETEALDIAVGFRRVYGKVLAGGEPVFGEKDQFAWIDAHIKAETVHAAQVSDDETGMTGLVTDAERGEEFVRLVEEYAGLWSAALECFGDRLTG,0.0,-1.805777668952942
I178G,PLSPLPAVARAELDARTEREIDRARLRRADNGFFRSARDVESVSPADGHAVAVWWRQMTKAFMFTTLAGLGALARDYARRDADRELLGAFQTVYQVIGDDLDNAAPEFSAVAPTGPAGIHYVWWDDTIVAPLAAHVTEADRRAAEELPAPVRELLAAMDRLAAEPLGSAVQLRVVETGALDIAVGFRRVYGKVLAGGEPVFGEKDQFAWIDAHIKAETVHAAQVSDDETGMTGLVTDAERGEEFVRLVEEYAGLWSAALECFGDRLTG,0.0,-1.383400797843933
I178H,PLSPLPAVARAELDARTEREIDRARLRRADNGFFRSARDVESVSPADGHAVAVWWRQMTKAFMFTTLAGLGALARDYARRDADRELLGAFQTVYQVIGDDLDNAAPEFSAVAPTGPAGIHYVWWDDTIVAPLAAHVTEADRRAAEELPAPVRELLAAMDRLAAEPLGSAVQLRVVETHALDIAVGFRRVYGKVLAGGEPVFGEKDQFAWIDAHIKAETVHAAQVSDDETGMTGLVTDAERGEEFVRLVEEYAGLWSAALECFGDRLTG,0.0,-1.1950364112854004
I178L,PLSPLPAVARAELDARTEREIDRARLRRADNGFFRSARDVESVSPADGHAVAVWWRQMTKAFMFTTLAGLGALARDYARRDADRELLGAFQTVYQVIGDDLDNAAPEFSAVAPTGPAGIHYVWWDDTIVAPLAAHVTEADRRAAEELPAPVRELLAAMDRLAAEPLGSAVQLRVVETLALDIAVGFRRVYGKVLAGGEPVFGEKDQFAWIDAHIKAETVHAAQVSDDETGMTGLVTDAERGEEFVRLVEEYAGLWSAALECFGDRLTG,0.0,0.47280433773994446
I178K,PLSPLPAVARAELDARTEREIDRARLRRADNGFFRSARDVESVSPADGHAVAVWWRQMTKAFMFTTLAGLGALARDYARRDADRELLGAFQTVYQVIGDDLDNAAPEFSAVAPTGPAGIHYVWWDDTIVAPLAAHVTEADRRAAEELPAPVRELLAAMDRLAAEPLGSAVQLRVVETKALDIAVGFRRVYGKVLAGGEPVFGEKDQFAWIDAHIKAETVHAAQVSDDETGMTGLVTDAERGEEFVRLVEEYAGLWSAALECFGDRLTG,0.0,-2.5272562503814697
I178M,PLSPLPAVARAELDARTEREIDRARLRRADNGFFRSARDVESVSPADGHAVAVWWRQMTKAFMFTTLAGLGALARDYARRDADRELLGAFQTVYQVIGDDLDNAAPEFSAVAPTGPAGIHYVWWDDTIVAPLAAHVTEADRRAAEELPAPVRELLAAMDRLAAEPLGSAVQLRVVETMALDIAVGFRRVYGKVLAGGEPVFGEKDQFAWIDAHIKAETVHAAQVSDDETGMTGLVTDAERGEEFVRLVEEYAGLWSAALECFGDRLTG,0.0,-1.1169407367706299
I178F,PLSPLPAVARAELDARTEREIDRARLRRADNGFFRSARDVESVSPADGHAVAVWWRQMTKAFMFTTLAGLGALARDYARRDADRELLGAFQTVYQVIGDDLDNAAPEFSAVAPTGPAGIHYVWWDDTIVAPLAAHVTEADRRAAEELPAPVRELLAAMDRLAAEPLGSAVQLRVVETFALDIAVGFRRVYGKVLAGGEPVFGEKDQFAWIDAHIKAETVHAAQVSDDETGMTGLVTDAERGEEFVRLVEEYAGLWSAALECFGDRLTG,0.0,-0.6068274974822998
I178P,PLSPLPAVARAELDARTEREIDRARLRRADNGFFRSARDVESVSPADGHAVAVWWRQMTKAFMFTTLAGLGALARDYARRDADRELLGAFQTVYQVIGDDLDNAAPEFSAVAPTGPAGIHYVWWDDTIVAPLAAHVTEADRRAAEELPAPVRELLAAMDRLAAEPLGSAVQLRVVETPALDIAVGFRRVYGKVLAGGEPVFGEKDQFAWIDAHIKAETVHAAQVSDDETGMTGLVTDAERGEEFVRLVEEYAGLWSAALECFGDRLTG,0.0,-3.4282782077789307
I178S,PLSPLPAVARAELDARTEREIDRARLRRADNGFFRSARDVESVSPADGHAVAVWWRQMTKAFMFTTLAGLGALARDYARRDADRELLGAFQTVYQVIGDDLDNAAPEFSAVAPTGPAGIHYVWWDDTIVAPLAAHVTEADRRAAEELPAPVRELLAAMDRLAAEPLGSAVQLRVVETSALDIAVGFRRVYGKVLAGGEPVFGEKDQFAWIDAHIKAETVHAAQVSDDETGMTGLVTDAERGEEFVRLVEEYAGLWSAALECFGDRLTG,0.0,-1.3919435739517212
I178T,PLSPLPAVARAELDARTEREIDRARLRRADNGFFRSARDVESVSPADGHAVAVWWRQMTKAFMFTTLAGLGALARDYARRDADRELLGAFQTVYQVIGDDLDNAAPEFSAVAPTGPAGIHYVWWDDTIVAPLAAHVTEADRRAAEELPAPVRELLAAMDRLAAEPLGSAVQLRVVETTALDIAVGFRRVYGKVLAGGEPVFGEKDQFAWIDAHIKAETVHAAQVSDDETGMTGLVTDAERGEEFVRLVEEYAGLWSAALECFGDRLTG,0.0,-0.3436654806137085
I178W,PLSPLPAVARAELDARTEREIDRARLRRADNGFFRSARDVESVSPADGHAVAVWWRQMTKAFMFTTLAGLGALARDYARRDADRELLGAFQTVYQVIGDDLDNAAPEFSAVAPTGPAGIHYVWWDDTIVAPLAAHVTEADRRAAEELPAPVRELLAAMDRLAAEPLGSAVQLRVVETWALDIAVGFRRVYGKVLAGGEPVFGEKDQFAWIDAHIKAETVHAAQVSDDETGMTGLVTDAERGEEFVRLVEEYAGLWSAALECFGDRLTG,0.0,-1.7530007362365723
I178Y,PLSPLPAVARAELDARTEREIDRARLRRADNGFFRSARDVESVSPADGHAVAVWWRQMTKAFMFTTLAGLGALARDYARRDADRELLGAFQTVYQVIGDDLDNAAPEFSAVAPTGPAGIHYVWWDDTIVAPLAAHVTEADRRAAEELPAPVRELLAAMDRLAAEPLGSAVQLRVVETYALDIAVGFRRVYGKVLAGGEPVFGEKDQFAWIDAHIKAETVHAAQVSDDETGMTGLVTDAERGEEFVRLVEEYAGLWSAALECFGDRLTG,0.0,-0.5571301579475403
I178V,PLSPLPAVARAELDARTEREIDRARLRRADNGFFRSARDVESVSPADGHAVAVWWRQMTKAFMFTTLAGLGALARDYARRDADRELLGAFQTVYQVIGDDLDNAAPEFSAVAPTGPAGIHYVWWDDTIVAPLAAHVTEADRRAAEELPAPVRELLAAMDRLAAEPLGSAVQLRVVETVALDIAVGFRRVYGKVLAGGEPVFGEKDQFAWIDAHIKAETVHAAQVSDDETGMTGLVTDAERGEEFVRLVEEYAGLWSAALECFGDRLTG,0.0,0.2909202575683594
A179R,PLSPLPAVARAELDARTEREIDRARLRRADNGFFRSARDVESVSPADGHAVAVWWRQMTKAFMFTTLAGLGALARDYARRDADRELLGAFQTVYQVIGDDLDNAAPEFSAVAPTGPAGIHYVWWDDTIVAPLAAHVTEADRRAAEELPAPVRELLAAMDRLAAEPLGSAVQLRVVETIRLDIAVGFRRVYGKVLAGGEPVFGEKDQFAWIDAHIKAETVHAAQVSDDETGMTGLVTDAERGEEFVRLVEEYAGLWSAALECFGDRLTG,0.0,-5.642509460449219
A179N,PLSPLPAVARAELDARTEREIDRARLRRADNGFFRSARDVESVSPADGHAVAVWWRQMTKAFMFTTLAGLGALARDYARRDADRELLGAFQTVYQVIGDDLDNAAPEFSAVAPTGPAGIHYVWWDDTIVAPLAAHVTEADRRAAEELPAPVRELLAAMDRLAAEPLGSAVQLRVVETINLDIAVGFRRVYGKVLAGGEPVFGEKDQFAWIDAHIKAETVHAAQVSDDETGMTGLVTDAERGEEFVRLVEEYAGLWSAALECFGDRLTG,0.0,-2.197371244430542
A179D,PLSPLPAVARAELDARTEREIDRARLRRADNGFFRSARDVESVSPADGHAVAVWWRQMTKAFMFTTLAGLGALARDYARRDADRELLGAFQTVYQVIGDDLDNAAPEFSAVAPTGPAGIHYVWWDDTIVAPLAAHVTEADRRAAEELPAPVRELLAAMDRLAAEPLGSAVQLRVVETIDLDIAVGFRRVYGKVLAGGEPVFGEKDQFAWIDAHIKAETVHAAQVSDDETGMTGLVTDAERGEEFVRLVEEYAGLWSAALECFGDRLTG,0.0,-2.072396755218506
A179C,PLSPLPAVARAELDARTEREIDRARLRRADNGFFRSARDVESVSPADGHAVAVWWRQMTKAFMFTTLAGLGALARDYARRDADRELLGAFQTVYQVIGDDLDNAAPEFSAVAPTGPAGIHYVWWDDTIVAPLAAHVTEADRRAAEELPAPVRELLAAMDRLAAEPLGSAVQLRVVETICLDIAVGFRRVYGKVLAGGEPVFGEKDQFAWIDAHIKAETVHAAQVSDDETGMTGLVTDAERGEEFVRLVEEYAGLWSAALECFGDRLTG,0.0,-3.2169694900512695
A179Q,PLSPLPAVARAELDARTEREIDRARLRRADNGFFRSARDVESVSPADGHAVAVWWRQMTKAFMFTTLAGLGALARDYARRDADRELLGAFQTVYQVIGDDLDNAAPEFSAVAPTGPAGIHYVWWDDTIVAPLAAHVTEADRRAAEELPAPVRELLAAMDRLAAEPLGSAVQLRVVETIQLDIAVGFRRVYGKVLAGGEPVFGEKDQFAWIDAHIKAETVHAAQVSDDETGMTGLVTDAERGEEFVRLVEEYAGLWSAALECFGDRLTG,0.0,-3.478734016418457
A179E,PLSPLPAVARAELDARTEREIDRARLRRADNGFFRSARDVESVSPADGHAVAVWWRQMTKAFMFTTLAGLGALARDYARRDADRELLGAFQTVYQVIGDDLDNAAPEFSAVAPTGPAGIHYVWWDDTIVAPLAAHVTEADRRAAEELPAPVRELLAAMDRLAAEPLGSAVQLRVVETIELDIAVGFRRVYGKVLAGGEPVFGEKDQFAWIDAHIKAETVHAAQVSDDETGMTGLVTDAERGEEFVRLVEEYAGLWSAALECFGDRLTG,0.0,-2.0086960792541504
A179G,PLSPLPAVARAELDARTEREIDRARLRRADNGFFRSARDVESVSPADGHAVAVWWRQMTKAFMFTTLAGLGALARDYARRDADRELLGAFQTVYQVIGDDLDNAAPEFSAVAPTGPAGIHYVWWDDTIVAPLAAHVTEADRRAAEELPAPVRELLAAMDRLAAEPLGSAVQLRVVETIGLDIAVGFRRVYGKVLAGGEPVFGEKDQFAWIDAHIKAETVHAAQVSDDETGMTGLVTDAERGEEFVRLVEEYAGLWSAALECFGDRLTG,0.0,-0.2650661766529083
A179H,PLSPLPAVARAELDARTEREIDRARLRRADNGFFRSARDVESVSPADGHAVAVWWRQMTKAFMFTTLAGLGALARDYARRDADRELLGAFQTVYQVIGDDLDNAAPEFSAVAPTGPAGIHYVWWDDTIVAPLAAHVTEADRRAAEELPAPVRELLAAMDRLAAEPLGSAVQLRVVETIHLDIAVGFRRVYGKVLAGGEPVFGEKDQFAWIDAHIKAETVHAAQVSDDETGMTGLVTDAERGEEFVRLVEEYAGLWSAALECFGDRLTG,0.0,-3.506188154220581
A179I,PLSPLPAVARAELDARTEREIDRARLRRADNGFFRSARDVESVSPADGHAVAVWWRQMTKAFMFTTLAGLGALARDYARRDADRELLGAFQTVYQVIGDDLDNAAPEFSAVAPTGPAGIHYVWWDDTIVAPLAAHVTEADRRAAEELPAPVRELLAAMDRLAAEPLGSAVQLRVVETIILDIAVGFRRVYGKVLAGGEPVFGEKDQFAWIDAHIKAETVHAAQVSDDETGMTGLVTDAERGEEFVRLVEEYAGLWSAALECFGDRLTG,0.0,-1.3424155712127686
A179L,PLSPLPAVARAELDARTEREIDRARLRRADNGFFRSARDVESVSPADGHAVAVWWRQMTKAFMFTTLAGLGALARDYARRDADRELLGAFQTVYQVIGDDLDNAAPEFSAVAPTGPAGIHYVWWDDTIVAPLAAHVTEADRRAAEELPAPVRELLAAMDRLAAEPLGSAVQLRVVETILLDIAVGFRRVYGKVLAGGEPVFGEKDQFAWIDAHIKAETVHAAQVSDDETGMTGLVTDAERGEEFVRLVEEYAGLWSAALECFGDRLTG,0.0,-1.5865881443023682
A179K,PLSPLPAVARAELDARTEREIDRARLRRADNGFFRSARDVESVSPADGHAVAVWWRQMTKAFMFTTLAGLGALARDYARRDADRELLGAFQTVYQVIGDDLDNAAPEFSAVAPTGPAGIHYVWWDDTIVAPLAAHVTEADRRAAEELPAPVRELLAAMDRLAAEPLGSAVQLRVVETIKLDIAVGFRRVYGKVLAGGEPVFGEKDQFAWIDAHIKAETVHAAQVSDDETGMTGLVTDAERGEEFVRLVEEYAGLWSAALECFGDRLTG,0.0,-6.269006252288818
A179M,PLSPLPAVARAELDARTEREIDRARLRRADNGFFRSARDVESVSPADGHAVAVWWRQMTKAFMFTTLAGLGALARDYARRDADRELLGAFQTVYQVIGDDLDNAAPEFSAVAPTGPAGIHYVWWDDTIVAPLAAHVTEADRRAAEELPAPVRELLAAMDRLAAEPLGSAVQLRVVETIMLDIAVGFRRVYGKVLAGGEPVFGEKDQFAWIDAHIKAETVHAAQVSDDETGMTGLVTDAERGEEFVRLVEEYAGLWSAALECFGDRLTG,0.0,-2.9460458755493164
A179F,PLSPLPAVARAELDARTEREIDRARLRRADNGFFRSARDVESVSPADGHAVAVWWRQMTKAFMFTTLAGLGALARDYARRDADRELLGAFQTVYQVIGDDLDNAAPEFSAVAPTGPAGIHYVWWDDTIVAPLAAHVTEADRRAAEELPAPVRELLAAMDRLAAEPLGSAVQLRVVETIFLDIAVGFRRVYGKVLAGGEPVFGEKDQFAWIDAHIKAETVHAAQVSDDETGMTGLVTDAERGEEFVRLVEEYAGLWSAALECFGDRLTG,0.0,-0.3652971386909485
A179P,PLSPLPAVARAELDARTEREIDRARLRRADNGFFRSARDVESVSPADGHAVAVWWRQMTKAFMFTTLAGLGALARDYARRDADRELLGAFQTVYQVIGDDLDNAAPEFSAVAPTGPAGIHYVWWDDTIVAPLAAHVTEADRRAAEELPAPVRELLAAMDRLAAEPLGSAVQLRVVETIPLDIAVGFRRVYGKVLAGGEPVFGEKDQFAWIDAHIKAETVHAAQVSDDETGMTGLVTDAERGEEFVRLVEEYAGLWSAALECFGDRLTG,0.0,-6.059758186340332
A179S,PLSPLPAVARAELDARTEREIDRARLRRADNGFFRSARDVESVSPADGHAVAVWWRQMTKAFMFTTLAGLGALARDYARRDADRELLGAFQTVYQVIGDDLDNAAPEFSAVAPTGPAGIHYVWWDDTIVAPLAAHVTEADRRAAEELPAPVRELLAAMDRLAAEPLGSAVQLRVVETISLDIAVGFRRVYGKVLAGGEPVFGEKDQFAWIDAHIKAETVHAAQVSDDETGMTGLVTDAERGEEFVRLVEEYAGLWSAALECFGDRLTG,0.0,-0.6502465009689331
A179T,PLSPLPAVARAELDARTEREIDRARLRRADNGFFRSARDVESVSPADGHAVAVWWRQMTKAFMFTTLAGLGALARDYARRDADRELLGAFQTVYQVIGDDLDNAAPEFSAVAPTGPAGIHYVWWDDTIVAPLAAHVTEADRRAAEELPAPVRELLAAMDRLAAEPLGSAVQLRVVETITLDIAVGFRRVYGKVLAGGEPVFGEKDQFAWIDAHIKAETVHAAQVSDDETGMTGLVTDAERGEEFVRLVEEYAGLWSAALECFGDRLTG,0.0,-1.1454832553863525
A179W,PLSPLPAVARAELDARTEREIDRARLRRADNGFFRSARDVESVSPADGHAVAVWWRQMTKAFMFTTLAGLGALARDYARRDADRELLGAFQTVYQVIGDDLDNAAPEFSAVAPTGPAGIHYVWWDDTIVAPLAAHVTEADRRAAEELPAPVRELLAAMDRLAAEPLGSAVQLRVVETIWLDIAVGFRRVYGKVLAGGEPVFGEKDQFAWIDAHIKAETVHAAQVSDDETGMTGLVTDAERGEEFVRLVEEYAGLWSAALECFGDRLTG,0.0,-2.770847797393799
A179Y,PLSPLPAVARAELDARTEREIDRARLRRADNGFFRSARDVESVSPADGHAVAVWWRQMTKAFMFTTLAGLGALARDYARRDADRELLGAFQTVYQVIGDDLDNAAPEFSAVAPTGPAGIHYVWWDDTIVAPLAAHVTEADRRAAEELPAPVRELLAAMDRLAAEPLGSAVQLRVVETIYLDIAVGFRRVYGKVLAGGEPVFGEKDQFAWIDAHIKAETVHAAQVSDDETGMTGLVTDAERGEEFVRLVEEYAGLWSAALECFGDRLTG,0.0,-1.972669243812561
A179V,PLSPLPAVARAELDARTEREIDRARLRRADNGFFRSARDVESVSPADGHAVAVWWRQMTKAFMFTTLAGLGALARDYARRDADRELLGAFQTVYQVIGDDLDNAAPEFSAVAPTGPAGIHYVWWDDTIVAPLAAHVTEADRRAAEELPAPVRELLAAMDRLAAEPLGSAVQLRVVETIVLDIAVGFRRVYGKVLAGGEPVFGEKDQFAWIDAHIKAETVHAAQVSDDETGMTGLVTDAERGEEFVRLVEEYAGLWSAALECFGDRLTG,0.0,-0.4875963628292084
I182A,PLSPLPAVARAELDARTEREIDRARLRRADNGFFRSARDVESVSPADGHAVAVWWRQMTKAFMFTTLAGLGALARDYARRDADRELLGAFQTVYQVIGDDLDNAAPEFSAVAPTGPAGIHYVWWDDTIVAPLAAHVTEADRRAAEELPAPVRELLAAMDRLAAEPLGSAVQLRVVETIALDAAVGFRRVYGKVLAGGEPVFGEKDQFAWIDAHIKAETVHAAQVSDDETGMTGLVTDAERGEEFVRLVEEYAGLWSAALECFGDRLTG,0.0,-0.1141316369175911
I182R,PLSPLPAVARAELDARTEREIDRARLRRADNGFFRSARDVESVSPADGHAVAVWWRQMTKAFMFTTLAGLGALARDYARRDADRELLGAFQTVYQVIGDDLDNAAPEFSAVAPTGPAGIHYVWWDDTIVAPLAAHVTEADRRAAEELPAPVRELLAAMDRLAAEPLGSAVQLRVVETIALDRAVGFRRVYGKVLAGGEPVFGEKDQFAWIDAHIKAETVHAAQVSDDETGMTGLVTDAERGEEFVRLVEEYAGLWSAALECFGDRLTG,0.0,-2.3707103729248047
I182N,PLSPLPAVARAELDARTEREIDRARLRRADNGFFRSARDVESVSPADGHAVAVWWRQMTKAFMFTTLAGLGALARDYARRDADRELLGAFQTVYQVIGDDLDNAAPEFSAVAPTGPAGIHYVWWDDTIVAPLAAHVTEADRRAAEELPAPVRELLAAMDRLAAEPLGSAVQLRVVETIALDNAVGFRRVYGKVLAGGEPVFGEKDQFAWIDAHIKAETVHAAQVSDDETGMTGLVTDAERGEEFVRLVEEYAGLWSAALECFGDRLTG,0.0,-2.082374095916748
I182D,PLSPLPAVARAELDARTEREIDRARLRRADNGFFRSARDVESVSPADGHAVAVWWRQMTKAFMFTTLAGLGALARDYARRDADRELLGAFQTVYQVIGDDLDNAAPEFSAVAPTGPAGIHYVWWDDTIVAPLAAHVTEADRRAAEELPAPVRELLAAMDRLAAEPLGSAVQLRVVETIALDDAVGFRRVYGKVLAGGEPVFGEKDQFAWIDAHIKAETVHAAQVSDDETGMTGLVTDAERGEEFVRLVEEYAGLWSAALECFGDRLTG,0.0,-1.874552845954895
I182C,PLSPLPAVARAELDARTEREIDRARLRRADNGFFRSARDVESVSPADGHAVAVWWRQMTKAFMFTTLAGLGALARDYARRDADRELLGAFQTVYQVIGDDLDNAAPEFSAVAPTGPAGIHYVWWDDTIVAPLAAHVTEADRRAAEELPAPVRELLAAMDRLAAEPLGSAVQLRVVETIALDCAVGFRRVYGKVLAGGEPVFGEKDQFAWIDAHIKAETVHAAQVSDDETGMTGLVTDAERGEEFVRLVEEYAGLWSAALECFGDRLTG,0.0,-2.273747205734253
I182Q,PLSPLPAVARAELDARTEREIDRARLRRADNGFFRSARDVESVSPADGHAVAVWWRQMTKAFMFTTLAGLGALARDYARRDADRELLGAFQTVYQVIGDDLDNAAPEFSAVAPTGPAGIHYVWWDDTIVAPLAAHVTEADRRAAEELPAPVRELLAAMDRLAAEPLGSAVQLRVVETIALDQAVGFRRVYGKVLAGGEPVFGEKDQFAWIDAHIKAETVHAAQVSDDETGMTGLVTDAERGEEFVRLVEEYAGLWSAALECFGDRLTG,0.0,-0.9387645125389099
I182E,PLSPLPAVARAELDARTEREIDRARLRRADNGFFRSARDVESVSPADGHAVAVWWRQMTKAFMFTTLAGLGALARDYARRDADRELLGAFQTVYQVIGDDLDNAAPEFSAVAPTGPAGIHYVWWDDTIVAPLAAHVTEADRRAAEELPAPVRELLAAMDRLAAEPLGSAVQLRVVETIALDEAVGFRRVYGKVLAGGEPVFGEKDQFAWIDAHIKAETVHAAQVSDDETGMTGLVTDAERGEEFVRLVEEYAGLWSAALECFGDRLTG,0.0,-0.3861912488937378
I182G,PLSPLPAVARAELDARTEREIDRARLRRADNGFFRSARDVESVSPADGHAVAVWWRQMTKAFMFTTLAGLGALARDYARRDADRELLGAFQTVYQVIGDDLDNAAPEFSAVAPTGPAGIHYVWWDDTIVAPLAAHVTEADRRAAEELPAPVRELLAAMDRLAAEPLGSAVQLRVVETIALDGAVGFRRVYGKVLAGGEPVFGEKDQFAWIDAHIKAETVHAAQVSDDETGMTGLVTDAERGEEFVRLVEEYAGLWSAALECFGDRLTG,0.0,-1.1575284004211426
I182H,PLSPLPAVARAELDARTEREIDRARLRRADNGFFRSARDVESVSPADGHAVAVWWRQMTKAFMFTTLAGLGALARDYARRDADRELLGAFQTVYQVIGDDLDNAAPEFSAVAPTGPAGIHYVWWDDTIVAPLAAHVTEADRRAAEELPAPVRELLAAMDRLAAEPLGSAVQLRVVETIALDHAVGFRRVYGKVLAGGEPVFGEKDQFAWIDAHIKAETVHAAQVSDDETGMTGLVTDAERGEEFVRLVEEYAGLWSAALECFGDRLTG,0.0,-1.9157607555389404
I182L,PLSPLPAVARAELDARTEREIDRARLRRADNGFFRSARDVESVSPADGHAVAVWWRQMTKAFMFTTLAGLGALARDYARRDADRELLGAFQTVYQVIGDDLDNAAPEFSAVAPTGPAGIHYVWWDDTIVAPLAAHVTEADRRAAEELPAPVRELLAAMDRLAAEPLGSAVQLRVVETIALDLAVGFRRVYGKVLAGGEPVFGEKDQFAWIDAHIKAETVHAAQVSDDETGMTGLVTDAERGEEFVRLVEEYAGLWSAALECFGDRLTG,0.0,0.6580425500869751
I182K,PLSPLPAVARAELDARTEREIDRARLRRADNGFFRSARDVESVSPADGHAVAVWWRQMTKAFMFTTLAGLGALARDYARRDADRELLGAFQTVYQVIGDDLDNAAPEFSAVAPTGPAGIHYVWWDDTIVAPLAAHVTEADRRAAEELPAPVRELLAAMDRLAAEPLGSAVQLRVVETIALDKAVGFRRVYGKVLAGGEPVFGEKDQFAWIDAHIKAETVHAAQVSDDETGMTGLVTDAERGEEFVRLVEEYAGLWSAALECFGDRLTG,0.0,-3.76776385307312
I182M,PLSPLPAVARAELDARTEREIDRARLRRADNGFFRSARDVESVSPADGHAVAVWWRQMTKAFMFTTLAGLGALARDYARRDADRELLGAFQTVYQVIGDDLDNAAPEFSAVAPTGPAGIHYVWWDDTIVAPLAAHVTEADRRAAEELPAPVRELLAAMDRLAAEPLGSAVQLRVVETIALDMAVGFRRVYGKVLAGGEPVFGEKDQFAWIDAHIKAETVHAAQVSDDETGMTGLVTDAERGEEFVRLVEEYAGLWSAALECFGDRLTG,0.0,-0.27965226769447327
I182F,PLSPLPAVARAELDARTEREIDRARLRRADNGFFRSARDVESVSPADGHAVAVWWRQMTKAFMFTTLAGLGALARDYARRDADRELLGAFQTVYQVIGDDLDNAAPEFSAVAPTGPAGIHYVWWDDTIVAPLAAHVTEADRRAAEELPAPVRELLAAMDRLAAEPLGSAVQLRVVETIALDFAVGFRRVYGKVLAGGEPVFGEKDQFAWIDAHIKAETVHAAQVSDDETGMTGLVTDAERGEEFVRLVEEYAGLWSAALECFGDRLTG,0.0,-0.11225128173828125
I182P,PLSPLPAVARAELDARTEREIDRARLRRADNGFFRSARDVESVSPADGHAVAVWWRQMTKAFMFTTLAGLGALARDYARRDADRELLGAFQTVYQVIGDDLDNAAPEFSAVAPTGPAGIHYVWWDDTIVAPLAAHVTEADRRAAEELPAPVRELLAAMDRLAAEPLGSAVQLRVVETIALDPAVGFRRVYGKVLAGGEPVFGEKDQFAWIDAHIKAETVHAAQVSDDETGMTGLVTDAERGEEFVRLVEEYAGLWSAALECFGDRLTG,0.0,-3.9482462406158447
I182S,PLSPLPAVARAELDARTEREIDRARLRRADNGFFRSARDVESVSPADGHAVAVWWRQMTKAFMFTTLAGLGALARDYARRDADRELLGAFQTVYQVIGDDLDNAAPEFSAVAPTGPAGIHYVWWDDTIVAPLAAHVTEADRRAAEELPAPVRELLAAMDRLAAEPLGSAVQLRVVETIALDSAVGFRRVYGKVLAGGEPVFGEKDQFAWIDAHIKAETVHAAQVSDDETGMTGLVTDAERGEEFVRLVEEYAGLWSAALECFGDRLTG,0.0,-1.1151032447814941
I182T,PLSPLPAVARAELDARTEREIDRARLRRADNGFFRSARDVESVSPADGHAVAVWWRQMTKAFMFTTLAGLGALARDYARRDADRELLGAFQTVYQVIGDDLDNAAPEFSAVAPTGPAGIHYVWWDDTIVAPLAAHVTEADRRAAEELPAPVRELLAAMDRLAAEPLGSAVQLRVVETIALDTAVGFRRVYGKVLAGGEPVFGEKDQFAWIDAHIKAETVHAAQVSDDETGMTGLVTDAERGEEFVRLVEEYAGLWSAALECFGDRLTG,0.0,-0.46818089485168457
I182W,PLSPLPAVARAELDARTEREIDRARLRRADNGFFRSARDVESVSPADGHAVAVWWRQMTKAFMFTTLAGLGALARDYARRDADRELLGAFQTVYQVIGDDLDNAAPEFSAVAPTGPAGIHYVWWDDTIVAPLAAHVTEADRRAAEELPAPVRELLAAMDRLAAEPLGSAVQLRVVETIALDWAVGFRRVYGKVLAGGEPVFGEKDQFAWIDAHIKAETVHAAQVSDDETGMTGLVTDAERGEEFVRLVEEYAGLWSAALECFGDRLTG,0.0,-0.9095354080200195
I182Y,PLSPLPAVARAELDARTEREIDRARLRRADNGFFRSARDVESVSPADGHAVAVWWRQMTKAFMFTTLAGLGALARDYARRDADRELLGAFQTVYQVIGDDLDNAAPEFSAVAPTGPAGIHYVWWDDTIVAPLAAHVTEADRRAAEELPAPVRELLAAMDRLAAEPLGSAVQLRVVETIALDYAVGFRRVYGKVLAGGEPVFGEKDQFAWIDAHIKAETVHAAQVSDDETGMTGLVTDAERGEEFVRLVEEYAGLWSAALECFGDRLTG,0.0,-0.7087469100952148
I182V,PLSPLPAVARAELDARTEREIDRARLRRADNGFFRSARDVESVSPADGHAVAVWWRQMTKAFMFTTLAGLGALARDYARRDADRELLGAFQTVYQVIGDDLDNAAPEFSAVAPTGPAGIHYVWWDDTIVAPLAAHVTEADRRAAEELPAPVRELLAAMDRLAAEPLGSAVQLRVVETIALDVAVGFRRVYGKVLAGGEPVFGEKDQFAWIDAHIKAETVHAAQVSDDETGMTGLVTDAERGEEFVRLVEEYAGLWSAALECFGDRLTG,0.0,0.3123854100704193
A183R,PLSPLPAVARAELDARTEREIDRARLRRADNGFFRSARDVESVSPADGHAVAVWWRQMTKAFMFTTLAGLGALARDYARRDADRELLGAFQTVYQVIGDDLDNAAPEFSAVAPTGPAGIHYVWWDDTIVAPLAAHVTEADRRAAEELPAPVRELLAAMDRLAAEPLGSAVQLRVVETIALDIRVGFRRVYGKVLAGGEPVFGEKDQFAWIDAHIKAETVHAAQVSDDETGMTGLVTDAERGEEFVRLVEEYAGLWSAALECFGDRLTG,0.0,-3.078707695007324
A183N,PLSPLPAVARAELDARTEREIDRARLRRADNGFFRSARDVESVSPADGHAVAVWWRQMTKAFMFTTLAGLGALARDYARRDADRELLGAFQTVYQVIGDDLDNAAPEFSAVAPTGPAGIHYVWWDDTIVAPLAAHVTEADRRAAEELPAPVRELLAAMDRLAAEPLGSAVQLRVVETIALDINVGFRRVYGKVLAGGEPVFGEKDQFAWIDAHIKAETVHAAQVSDDETGMTGLVTDAERGEEFVRLVEEYAGLWSAALECFGDRLTG,0.0,-0.2047721892595291
A183D,PLSPLPAVARAELDARTEREIDRARLRRADNGFFRSARDVESVSPADGHAVAVWWRQMTKAFMFTTLAGLGALARDYARRDADRELLGAFQTVYQVIGDDLDNAAPEFSAVAPTGPAGIHYVWWDDTIVAPLAAHVTEADRRAAEELPAPVRELLAAMDRLAAEPLGSAVQLRVVETIALDIDVGFRRVYGKVLAGGEPVFGEKDQFAWIDAHIKAETVHAAQVSDDETGMTGLVTDAERGEEFVRLVEEYAGLWSAALECFGDRLTG,0.0,-1.6858186721801758
A183C,PLSPLPAVARAELDARTEREIDRARLRRADNGFFRSARDVESVSPADGHAVAVWWRQMTKAFMFTTLAGLGALARDYARRDADRELLGAFQTVYQVIGDDLDNAAPEFSAVAPTGPAGIHYVWWDDTIVAPLAAHVTEADRRAAEELPAPVRELLAAMDRLAAEPLGSAVQLRVVETIALDICVGFRRVYGKVLAGGEPVFGEKDQFAWIDAHIKAETVHAAQVSDDETGMTGLVTDAERGEEFVRLVEEYAGLWSAALECFGDRLTG,0.0,-0.7412519454956055
A183Q,PLSPLPAVARAELDARTEREIDRARLRRADNGFFRSARDVESVSPADGHAVAVWWRQMTKAFMFTTLAGLGALARDYARRDADRELLGAFQTVYQVIGDDLDNAAPEFSAVAPTGPAGIHYVWWDDTIVAPLAAHVTEADRRAAEELPAPVRELLAAMDRLAAEPLGSAVQLRVVETIALDIQVGFRRVYGKVLAGGEPVFGEKDQFAWIDAHIKAETVHAAQVSDDETGMTGLVTDAERGEEFVRLVEEYAGLWSAALECFGDRLTG,0.0,-0.3326018750667572
A183E,PLSPLPAVARAELDARTEREIDRARLRRADNGFFRSARDVESVSPADGHAVAVWWRQMTKAFMFTTLAGLGALARDYARRDADRELLGAFQTVYQVIGDDLDNAAPEFSAVAPTGPAGIHYVWWDDTIVAPLAAHVTEADRRAAEELPAPVRELLAAMDRLAAEPLGSAVQLRVVETIALDIEVGFRRVYGKVLAGGEPVFGEKDQFAWIDAHIKAETVHAAQVSDDETGMTGLVTDAERGEEFVRLVEEYAGLWSAALECFGDRLTG,0.0,-1.23722505569458
A183G,PLSPLPAVARAELDARTEREIDRARLRRADNGFFRSARDVESVSPADGHAVAVWWRQMTKAFMFTTLAGLGALARDYARRDADRELLGAFQTVYQVIGDDLDNAAPEFSAVAPTGPAGIHYVWWDDTIVAPLAAHVTEADRRAAEELPAPVRELLAAMDRLAAEPLGSAVQLRVVETIALDIGVGFRRVYGKVLAGGEPVFGEKDQFAWIDAHIKAETVHAAQVSDDETGMTGLVTDAERGEEFVRLVEEYAGLWSAALECFGDRLTG,0.0,-1.9332606792449951
A183H,PLSPLPAVARAELDARTEREIDRARLRRADNGFFRSARDVESVSPADGHAVAVWWRQMTKAFMFTTLAGLGALARDYARRDADRELLGAFQTVYQVIGDDLDNAAPEFSAVAPTGPAGIHYVWWDDTIVAPLAAHVTEADRRAAEELPAPVRELLAAMDRLAAEPLGSAVQLRVVETIALDIHVGFRRVYGKVLAGGEPVFGEKDQFAWIDAHIKAETVHAAQVSDDETGMTGLVTDAERGEEFVRLVEEYAGLWSAALECFGDRLTG,0.0,0.21199478209018707
A183I,PLSPLPAVARAELDARTEREIDRARLRRADNGFFRSARDVESVSPADGHAVAVWWRQMTKAFMFTTLAGLGALARDYARRDADRELLGAFQTVYQVIGDDLDNAAPEFSAVAPTGPAGIHYVWWDDTIVAPLAAHVTEADRRAAEELPAPVRELLAAMDRLAAEPLGSAVQLRVVETIALDIIVGFRRVYGKVLAGGEPVFGEKDQFAWIDAHIKAETVHAAQVSDDETGMTGLVTDAERGEEFVRLVEEYAGLWSAALECFGDRLTG,0.0,0.3806988000869751
A183L,PLSPLPAVARAELDARTEREIDRARLRRADNGFFRSARDVESVSPADGHAVAVWWRQMTKAFMFTTLAGLGALARDYARRDADRELLGAFQTVYQVIGDDLDNAAPEFSAVAPTGPAGIHYVWWDDTIVAPLAAHVTEADRRAAEELPAPVRELLAAMDRLAAEPLGSAVQLRVVETIALDILVGFRRVYGKVLAGGEPVFGEKDQFAWIDAHIKAETVHAAQVSDDETGMTGLVTDAERGEEFVRLVEEYAGLWSAALECFGDRLTG,0.0,3.106308937072754
A183K,PLSPLPAVARAELDARTEREIDRARLRRADNGFFRSARDVESVSPADGHAVAVWWRQMTKAFMFTTLAGLGALARDYARRDADRELLGAFQTVYQVIGDDLDNAAPEFSAVAPTGPAGIHYVWWDDTIVAPLAAHVTEADRRAAEELPAPVRELLAAMDRLAAEPLGSAVQLRVVETIALDIKVGFRRVYGKVLAGGEPVFGEKDQFAWIDAHIKAETVHAAQVSDDETGMTGLVTDAERGEEFVRLVEEYAGLWSAALECFGDRLTG,0.0,-2.731480121612549
A183M,PLSPLPAVARAELDARTEREIDRARLRRADNGFFRSARDVESVSPADGHAVAVWWRQMTKAFMFTTLAGLGALARDYARRDADRELLGAFQTVYQVIGDDLDNAAPEFSAVAPTGPAGIHYVWWDDTIVAPLAAHVTEADRRAAEELPAPVRELLAAMDRLAAEPLGSAVQLRVVETIALDIMVGFRRVYGKVLAGGEPVFGEKDQFAWIDAHIKAETVHAAQVSDDETGMTGLVTDAERGEEFVRLVEEYAGLWSAALECFGDRLTG,0.0,1.3438127040863037
A183F,PLSPLPAVARAELDARTEREIDRARLRRADNGFFRSARDVESVSPADGHAVAVWWRQMTKAFMFTTLAGLGALARDYARRDADRELLGAFQTVYQVIGDDLDNAAPEFSAVAPTGPAGIHYVWWDDTIVAPLAAHVTEADRRAAEELPAPVRELLAAMDRLAAEPLGSAVQLRVVETIALDIFVGFRRVYGKVLAGGEPVFGEKDQFAWIDAHIKAETVHAAQVSDDETGMTGLVTDAERGEEFVRLVEEYAGLWSAALECFGDRLTG,0.0,3.1978652477264404
A183P,PLSPLPAVARAELDARTEREIDRARLRRADNGFFRSARDVESVSPADGHAVAVWWRQMTKAFMFTTLAGLGALARDYARRDADRELLGAFQTVYQVIGDDLDNAAPEFSAVAPTGPAGIHYVWWDDTIVAPLAAHVTEADRRAAEELPAPVRELLAAMDRLAAEPLGSAVQLRVVETIALDIPVGFRRVYGKVLAGGEPVFGEKDQFAWIDAHIKAETVHAAQVSDDETGMTGLVTDAERGEEFVRLVEEYAGLWSAALECFGDRLTG,0.0,-2.198852777481079
A183S,PLSPLPAVARAELDARTEREIDRARLRRADNGFFRSARDVESVSPADGHAVAVWWRQMTKAFMFTTLAGLGALARDYARRDADRELLGAFQTVYQVIGDDLDNAAPEFSAVAPTGPAGIHYVWWDDTIVAPLAAHVTEADRRAAEELPAPVRELLAAMDRLAAEPLGSAVQLRVVETIALDISVGFRRVYGKVLAGGEPVFGEKDQFAWIDAHIKAETVHAAQVSDDETGMTGLVTDAERGEEFVRLVEEYAGLWSAALECFGDRLTG,0.0,-1.0307080745697021
A183T,PLSPLPAVARAELDARTEREIDRARLRRADNGFFRSARDVESVSPADGHAVAVWWRQMTKAFMFTTLAGLGALARDYARRDADRELLGAFQTVYQVIGDDLDNAAPEFSAVAPTGPAGIHYVWWDDTIVAPLAAHVTEADRRAAEELPAPVRELLAAMDRLAAEPLGSAVQLRVVETIALDITVGFRRVYGKVLAGGEPVFGEKDQFAWIDAHIKAETVHAAQVSDDETGMTGLVTDAERGEEFVRLVEEYAGLWSAALECFGDRLTG,0.0,-0.8714442253112793
A183W,PLSPLPAVARAELDARTEREIDRARLRRADNGFFRSARDVESVSPADGHAVAVWWRQMTKAFMFTTLAGLGALARDYARRDADRELLGAFQTVYQVIGDDLDNAAPEFSAVAPTGPAGIHYVWWDDTIVAPLAAHVTEADRRAAEELPAPVRELLAAMDRLAAEPLGSAVQLRVVETIALDIWVGFRRVYGKVLAGGEPVFGEKDQFAWIDAHIKAETVHAAQVSDDETGMTGLVTDAERGEEFVRLVEEYAGLWSAALECFGDRLTG,0.0,1.961241602897644
A183Y,PLSPLPAVARAELDARTEREIDRARLRRADNGFFRSARDVESVSPADGHAVAVWWRQMTKAFMFTTLAGLGALARDYARRDADRELLGAFQTVYQVIGDDLDNAAPEFSAVAPTGPAGIHYVWWDDTIVAPLAAHVTEADRRAAEELPAPVRELLAAMDRLAAEPLGSAVQLRVVETIALDIYVGFRRVYGKVLAGGEPVFGEKDQFAWIDAHIKAETVHAAQVSDDETGMTGLVTDAERGEEFVRLVEEYAGLWSAALECFGDRLTG,0.0,1.9260342121124268
A183V,PLSPLPAVARAELDARTEREIDRARLRRADNGFFRSARDVESVSPADGHAVAVWWRQMTKAFMFTTLAGLGALARDYARRDADRELLGAFQTVYQVIGDDLDNAAPEFSAVAPTGPAGIHYVWWDDTIVAPLAAHVTEADRRAAEELPAPVRELLAAMDRLAAEPLGSAVQLRVVETIALDIVVGFRRVYGKVLAGGEPVFGEKDQFAWIDAHIKAETVHAAQVSDDETGMTGLVTDAERGEEFVRLVEEYAGLWSAALECFGDRLTG,0.0,0.23217059671878815
W209A,PLSPLPAVARAELDARTEREIDRARLRRADNGFFRSARDVESVSPADGHAVAVWWRQMTKAFMFTTLAGLGALARDYARRDADRELLGAFQTVYQVIGDDLDNAAPEFSAVAPTGPAGIHYVWWDDTIVAPLAAHVTEADRRAAEELPAPVRELLAAMDRLAAEPLGSAVQLRVVETIALDIAVGFRRVYGKVLAGGEPVFGEKDQFAAIDAHIKAETVHAAQVSDDETGMTGLVTDAERGEEFVRLVEEYAGLWSAALECFGDRLTG,0.0,-1.002108097076416
W209R,PLSPLPAVARAELDARTEREIDRARLRRADNGFFRSARDVESVSPADGHAVAVWWRQMTKAFMFTTLAGLGALARDYARRDADRELLGAFQTVYQVIGDDLDNAAPEFSAVAPTGPAGIHYVWWDDTIVAPLAAHVTEADRRAAEELPAPVRELLAAMDRLAAEPLGSAVQLRVVETIALDIAVGFRRVYGKVLAGGEPVFGEKDQFARIDAHIKAETVHAAQVSDDETGMTGLVTDAERGEEFVRLVEEYAGLWSAALECFGDRLTG,0.0,-4.311828136444092
W209N,PLSPLPAVARAELDARTEREIDRARLRRADNGFFRSARDVESVSPADGHAVAVWWRQMTKAFMFTTLAGLGALARDYARRDADRELLGAFQTVYQVIGDDLDNAAPEFSAVAPTGPAGIHYVWWDDTIVAPLAAHVTEADRRAAEELPAPVRELLAAMDRLAAEPLGSAVQLRVVETIALDIAVGFRRVYGKVLAGGEPVFGEKDQFANIDAHIKAETVHAAQVSDDETGMTGLVTDAERGEEFVRLVEEYAGLWSAALECFGDRLTG,0.0,-3.4369747638702393
W209D,PLSPLPAVARAELDARTEREIDRARLRRADNGFFRSARDVESVSPADGHAVAVWWRQMTKAFMFTTLAGLGALARDYARRDADRELLGAFQTVYQVIGDDLDNAAPEFSAVAPTGPAGIHYVWWDDTIVAPLAAHVTEADRRAAEELPAPVRELLAAMDRLAAEPLGSAVQLRVVETIALDIAVGFRRVYGKVLAGGEPVFGEKDQFADIDAHIKAETVHAAQVSDDETGMTGLVTDAERGEEFVRLVEEYAGLWSAALECFGDRLTG,0.0,-4.145288467407227
W209C,PLSPLPAVARAELDARTEREIDRARLRRADNGFFRSARDVESVSPADGHAVAVWWRQMTKAFMFTTLAGLGALARDYARRDADRELLGAFQTVYQVIGDDLDNAAPEFSAVAPTGPAGIHYVWWDDTIVAPLAAHVTEADRRAAEELPAPVRELLAAMDRLAAEPLGSAVQLRVVETIALDIAVGFRRVYGKVLAGGEPVFGEKDQFACIDAHIKAETVHAAQVSDDETGMTGLVTDAERGEEFVRLVEEYAGLWSAALECFGDRLTG,0.0,-3.393120288848877
W209Q,PLSPLPAVARAELDARTEREIDRARLRRADNGFFRSARDVESVSPADGHAVAVWWRQMTKAFMFTTLAGLGALARDYARRDADRELLGAFQTVYQVIGDDLDNAAPEFSAVAPTGPAGIHYVWWDDTIVAPLAAHVTEADRRAAEELPAPVRELLAAMDRLAAEPLGSAVQLRVVETIALDIAVGFRRVYGKVLAGGEPVFGEKDQFAQIDAHIKAETVHAAQVSDDETGMTGLVTDAERGEEFVRLVEEYAGLWSAALECFGDRLTG,0.0,-2.931339740753174
W209E,PLSPLPAVARAELDARTEREIDRARLRRADNGFFRSARDVESVSPADGHAVAVWWRQMTKAFMFTTLAGLGALARDYARRDADRELLGAFQTVYQVIGDDLDNAAPEFSAVAPTGPAGIHYVWWDDTIVAPLAAHVTEADRRAAEELPAPVRELLAAMDRLAAEPLGSAVQLRVVETIALDIAVGFRRVYGKVLAGGEPVFGEKDQFAEIDAHIKAETVHAAQVSDDETGMTGLVTDAERGEEFVRLVEEYAGLWSAALECFGDRLTG,0.0,-3.592700481414795
W209G,PLSPLPAVARAELDARTEREIDRARLRRADNGFFRSARDVESVSPADGHAVAVWWRQMTKAFMFTTLAGLGALARDYARRDADRELLGAFQTVYQVIGDDLDNAAPEFSAVAPTGPAGIHYVWWDDTIVAPLAAHVTEADRRAAEELPAPVRELLAAMDRLAAEPLGSAVQLRVVETIALDIAVGFRRVYGKVLAGGEPVFGEKDQFAGIDAHIKAETVHAAQVSDDETGMTGLVTDAERGEEFVRLVEEYAGLWSAALECFGDRLTG,0.0,-0.8653984069824219
W209H,PLSPLPAVARAELDARTEREIDRARLRRADNGFFRSARDVESVSPADGHAVAVWWRQMTKAFMFTTLAGLGALARDYARRDADRELLGAFQTVYQVIGDDLDNAAPEFSAVAPTGPAGIHYVWWDDTIVAPLAAHVTEADRRAAEELPAPVRELLAAMDRLAAEPLGSAVQLRVVETIALDIAVGFRRVYGKVLAGGEPVFGEKDQFAHIDAHIKAETVHAAQVSDDETGMTGLVTDAERGEEFVRLVEEYAGLWSAALECFGDRLTG,0.0,-1.980664849281311
W209I,PLSPLPAVARAELDARTEREIDRARLRRADNGFFRSARDVESVSPADGHAVAVWWRQMTKAFMFTTLAGLGALARDYARRDADRELLGAFQTVYQVIGDDLDNAAPEFSAVAPTGPAGIHYVWWDDTIVAPLAAHVTEADRRAAEELPAPVRELLAAMDRLAAEPLGSAVQLRVVETIALDIAVGFRRVYGKVLAGGEPVFGEKDQFAIIDAHIKAETVHAAQVSDDETGMTGLVTDAERGEEFVRLVEEYAGLWSAALECFGDRLTG,0.0,-2.300550937652588
W209L,PLSPLPAVARAELDARTEREIDRARLRRADNGFFRSARDVESVSPADGHAVAVWWRQMTKAFMFTTLAGLGALARDYARRDADRELLGAFQTVYQVIGDDLDNAAPEFSAVAPTGPAGIHYVWWDDTIVAPLAAHVTEADRRAAEELPAPVRELLAAMDRLAAEPLGSAVQLRVVETIALDIAVGFRRVYGKVLAGGEPVFGEKDQFALIDAHIKAETVHAAQVSDDETGMTGLVTDAERGEEFVRLVEEYAGLWSAALECFGDRLTG,0.0,-0.9765251278877258
W209K,PLSPLPAVARAELDARTEREIDRARLRRADNGFFRSARDVESVSPADGHAVAVWWRQMTKAFMFTTLAGLGALARDYARRDADRELLGAFQTVYQVIGDDLDNAAPEFSAVAPTGPAGIHYVWWDDTIVAPLAAHVTEADRRAAEELPAPVRELLAAMDRLAAEPLGSAVQLRVVETIALDIAVGFRRVYGKVLAGGEPVFGEKDQFAKIDAHIKAETVHAAQVSDDETGMTGLVTDAERGEEFVRLVEEYAGLWSAALECFGDRLTG,0.0,-5.098488807678223
W209M,PLSPLPAVARAELDARTEREIDRARLRRADNGFFRSARDVESVSPADGHAVAVWWRQMTKAFMFTTLAGLGALARDYARRDADRELLGAFQTVYQVIGDDLDNAAPEFSAVAPTGPAGIHYVWWDDTIVAPLAAHVTEADRRAAEELPAPVRELLAAMDRLAAEPLGSAVQLRVVETIALDIAVGFRRVYGKVLAGGEPVFGEKDQFAMIDAHIKAETVHAAQVSDDETGMTGLVTDAERGEEFVRLVEEYAGLWSAALECFGDRLTG,0.0,-2.006028890609741
W209F,PLSPLPAVARAELDARTEREIDRARLRRADNGFFRSARDVESVSPADGHAVAVWWRQMTKAFMFTTLAGLGALARDYARRDADRELLGAFQTVYQVIGDDLDNAAPEFSAVAPTGPAGIHYVWWDDTIVAPLAAHVTEADRRAAEELPAPVRELLAAMDRLAAEPLGSAVQLRVVETIALDIAVGFRRVYGKVLAGGEPVFGEKDQFAFIDAHIKAETVHAAQVSDDETGMTGLVTDAERGEEFVRLVEEYAGLWSAALECFGDRLTG,0.0,0.6352786421775818
W209P,PLSPLPAVARAELDARTEREIDRARLRRADNGFFRSARDVESVSPADGHAVAVWWRQMTKAFMFTTLAGLGALARDYARRDADRELLGAFQTVYQVIGDDLDNAAPEFSAVAPTGPAGIHYVWWDDTIVAPLAAHVTEADRRAAEELPAPVRELLAAMDRLAAEPLGSAVQLRVVETIALDIAVGFRRVYGKVLAGGEPVFGEKDQFAPIDAHIKAETVHAAQVSDDETGMTGLVTDAERGEEFVRLVEEYAGLWSAALECFGDRLTG,0.0,-1.7275042533874512
W209S,PLSPLPAVARAELDARTEREIDRARLRRADNGFFRSARDVESVSPADGHAVAVWWRQMTKAFMFTTLAGLGALARDYARRDADRELLGAFQTVYQVIGDDLDNAAPEFSAVAPTGPAGIHYVWWDDTIVAPLAAHVTEADRRAAEELPAPVRELLAAMDRLAAEPLGSAVQLRVVETIALDIAVGFRRVYGKVLAGGEPVFGEKDQFASIDAHIKAETVHAAQVSDDETGMTGLVTDAERGEEFVRLVEEYAGLWSAALECFGDRLTG,0.0,-2.1600522994995117
W209T,PLSPLPAVARAELDARTEREIDRARLRRADNGFFRSARDVESVSPADGHAVAVWWRQMTKAFMFTTLAGLGALARDYARRDADRELLGAFQTVYQVIGDDLDNAAPEFSAVAPTGPAGIHYVWWDDTIVAPLAAHVTEADRRAAEELPAPVRELLAAMDRLAAEPLGSAVQLRVVETIALDIAVGFRRVYGKVLAGGEPVFGEKDQFATIDAHIKAETVHAAQVSDDETGMTGLVTDAERGEEFVRLVEEYAGLWSAALECFGDRLTG,0.0,-2.7391271591186523
W209Y,PLSPLPAVARAELDARTEREIDRARLRRADNGFFRSARDVESVSPADGHAVAVWWRQMTKAFMFTTLAGLGALARDYARRDADRELLGAFQTVYQVIGDDLDNAAPEFSAVAPTGPAGIHYVWWDDTIVAPLAAHVTEADRRAAEELPAPVRELLAAMDRLAAEPLGSAVQLRVVETIALDIAVGFRRVYGKVLAGGEPVFGEKDQFAYIDAHIKAETVHAAQVSDDETGMTGLVTDAERGEEFVRLVEEYAGLWSAALECFGDRLTG,0.0,-0.14129644632339478
W209V,PLSPLPAVARAELDARTEREIDRARLRRADNGFFRSARDVESVSPADGHAVAVWWRQMTKAFMFTTLAGLGALARDYARRDADRELLGAFQTVYQVIGDDLDNAAPEFSAVAPTGPAGIHYVWWDDTIVAPLAAHVTEADRRAAEELPAPVRELLAAMDRLAAEPLGSAVQLRVVETIALDIAVGFRRVYGKVLAGGEPVFGEKDQFAVIDAHIKAETVHAAQVSDDETGMTGLVTDAERGEEFVRLVEEYAGLWSAALECFGDRLTG,0.0,-1.414952039718628
W255A,PLSPLPAVARAELDARTEREIDRARLRRADNGFFRSARDVESVSPADGHAVAVWWRQMTKAFMFTTLAGLGALARDYARRDADRELLGAFQTVYQVIGDDLDNAAPEFSAVAPTGPAGIHYVWWDDTIVAPLAAHVTEADRRAAEELPAPVRELLAAMDRLAAEPLGSAVQLRVVETIALDIAVGFRRVYGKVLAGGEPVFGEKDQFAWIDAHIKAETVHAAQVSDDETGMTGLVTDAERGEEFVRLVEEYAGLASAALECFGDRLTG,0.0,-2.7625374794006348
W255R,PLSPLPAVARAELDARTEREIDRARLRRADNGFFRSARDVESVSPADGHAVAVWWRQMTKAFMFTTLAGLGALARDYARRDADRELLGAFQTVYQVIGDDLDNAAPEFSAVAPTGPAGIHYVWWDDTIVAPLAAHVTEADRRAAEELPAPVRELLAAMDRLAAEPLGSAVQLRVVETIALDIAVGFRRVYGKVLAGGEPVFGEKDQFAWIDAHIKAETVHAAQVSDDETGMTGLVTDAERGEEFVRLVEEYAGLRSAALECFGDRLTG,0.0,-4.417105197906494
W255N,PLSPLPAVARAELDARTEREIDRARLRRADNGFFRSARDVESVSPADGHAVAVWWRQMTKAFMFTTLAGLGALARDYARRDADRELLGAFQTVYQVIGDDLDNAAPEFSAVAPTGPAGIHYVWWDDTIVAPLAAHVTEADRRAAEELPAPVRELLAAMDRLAAEPLGSAVQLRVVETIALDIAVGFRRVYGKVLAGGEPVFGEKDQFAWIDAHIKAETVHAAQVSDDETGMTGLVTDAERGEEFVRLVEEYAGLNSAALECFGDRLTG,0.0,-4.628246784210205
W255D,PLSPLPAVARAELDARTEREIDRARLRRADNGFFRSARDVESVSPADGHAVAVWWRQMTKAFMFTTLAGLGALARDYARRDADRELLGAFQTVYQVIGDDLDNAAPEFSAVAPTGPAGIHYVWWDDTIVAPLAAHVTEADRRAAEELPAPVRELLAAMDRLAAEPLGSAVQLRVVETIALDIAVGFRRVYGKVLAGGEPVFGEKDQFAWIDAHIKAETVHAAQVSDDETGMTGLVTDAERGEEFVRLVEEYAGLDSAALECFGDRLTG,0.0,-6.707740306854248
W255C,PLSPLPAVARAELDARTEREIDRARLRRADNGFFRSARDVESVSPADGHAVAVWWRQMTKAFMFTTLAGLGALARDYARRDADRELLGAFQTVYQVIGDDLDNAAPEFSAVAPTGPAGIHYVWWDDTIVAPLAAHVTEADRRAAEELPAPVRELLAAMDRLAAEPLGSAVQLRVVETIALDIAVGFRRVYGKVLAGGEPVFGEKDQFAWIDAHIKAETVHAAQVSDDETGMTGLVTDAERGEEFVRLVEEYAGLCSAALECFGDRLTG,0.0,-3.209425210952759
W255Q,PLSPLPAVARAELDARTEREIDRARLRRADNGFFRSARDVESVSPADGHAVAVWWRQMTKAFMFTTLAGLGALARDYARRDADRELLGAFQTVYQVIGDDLDNAAPEFSAVAPTGPAGIHYVWWDDTIVAPLAAHVTEADRRAAEELPAPVRELLAAMDRLAAEPLGSAVQLRVVETIALDIAVGFRRVYGKVLAGGEPVFGEKDQFAWIDAHIKAETVHAAQVSDDETGMTGLVTDAERGEEFVRLVEEYAGLQSAALECFGDRLTG,0.0,-3.40877628326416
W255E,PLSPLPAVARAELDARTEREIDRARLRRADNGFFRSARDVESVSPADGHAVAVWWRQMTKAFMFTTLAGLGALARDYARRDADRELLGAFQTVYQVIGDDLDNAAPEFSAVAPTGPAGIHYVWWDDTIVAPLAAHVTEADRRAAEELPAPVRELLAAMDRLAAEPLGSAVQLRVVETIALDIAVGFRRVYGKVLAGGEPVFGEKDQFAWIDAHIKAETVHAAQVSDDETGMTGLVTDAERGEEFVRLVEEYAGLESAALECFGDRLTG,0.0,-3.569375514984131
W255G,PLSPLPAVARAELDARTEREIDRARLRRADNGFFRSARDVESVSPADGHAVAVWWRQMTKAFMFTTLAGLGALARDYARRDADRELLGAFQTVYQVIGDDLDNAAPEFSAVAPTGPAGIHYVWWDDTIVAPLAAHVTEADRRAAEELPAPVRELLAAMDRLAAEPLGSAVQLRVVETIALDIAVGFRRVYGKVLAGGEPVFGEKDQFAWIDAHIKAETVHAAQVSDDETGMTGLVTDAERGEEFVRLVEEYAGLGSAALECFGDRLTG,0.0,-5.6203131675720215
W255H,PLSPLPAVARAELDARTEREIDRARLRRADNGFFRSARDVESVSPADGHAVAVWWRQMTKAFMFTTLAGLGALARDYARRDADRELLGAFQTVYQVIGDDLDNAAPEFSAVAPTGPAGIHYVWWDDTIVAPLAAHVTEADRRAAEELPAPVRELLAAMDRLAAEPLGSAVQLRVVETIALDIAVGFRRVYGKVLAGGEPVFGEKDQFAWIDAHIKAETVHAAQVSDDETGMTGLVTDAERGEEFVRLVEEYAGLHSAALECFGDRLTG,0.0,-2.8935866355895996
W255I,PLSPLPAVARAELDARTEREIDRARLRRADNGFFRSARDVESVSPADGHAVAVWWRQMTKAFMFTTLAGLGALARDYARRDADRELLGAFQTVYQVIGDDLDNAAPEFSAVAPTGPAGIHYVWWDDTIVAPLAAHVTEADRRAAEELPAPVRELLAAMDRLAAEPLGSAVQLRVVETIALDIAVGFRRVYGKVLAGGEPVFGEKDQFAWIDAHIKAETVHAAQVSDDETGMTGLVTDAERGEEFVRLVEEYAGLISAALECFGDRLTG,0.0,-1.616452932357788
W255L,PLSPLPAVARAELDARTEREIDRARLRRADNGFFRSARDVESVSPADGHAVAVWWRQMTKAFMFTTLAGLGALARDYARRDADRELLGAFQTVYQVIGDDLDNAAPEFSAVAPTGPAGIHYVWWDDTIVAPLAAHVTEADRRAAEELPAPVRELLAAMDRLAAEPLGSAVQLRVVETIALDIAVGFRRVYGKVLAGGEPVFGEKDQFAWIDAHIKAETVHAAQVSDDETGMTGLVTDAERGEEFVRLVEEYAGLLSAALECFGDRLTG,0.0,-0.19132645428180695
W255K,PLSPLPAVARAELDARTEREIDRARLRRADNGFFRSARDVESVSPADGHAVAVWWRQMTKAFMFTTLAGLGALARDYARRDADRELLGAFQTVYQVIGDDLDNAAPEFSAVAPTGPAGIHYVWWDDTIVAPLAAHVTEADRRAAEELPAPVRELLAAMDRLAAEPLGSAVQLRVVETIALDIAVGFRRVYGKVLAGGEPVFGEKDQFAWIDAHIKAETVHAAQVSDDETGMTGLVTDAERGEEFVRLVEEYAGLKSAALECFGDRLTG,0.0,-5.694631099700928
W255M,PLSPLPAVARAELDARTEREIDRARLRRADNGFFRSARDVESVSPADGHAVAVWWRQMTKAFMFTTLAGLGALARDYARRDADRELLGAFQTVYQVIGDDLDNAAPEFSAVAPTGPAGIHYVWWDDTIVAPLAAHVTEADRRAAEELPAPVRELLAAMDRLAAEPLGSAVQLRVVETIALDIAVGFRRVYGKVLAGGEPVFGEKDQFAWIDAHIKAETVHAAQVSDDETGMTGLVTDAERGEEFVRLVEEYAGLMSAALECFGDRLTG,0.0,-1.3679665327072144
W255F,PLSPLPAVARAELDARTEREIDRARLRRADNGFFRSARDVESVSPADGHAVAVWWRQMTKAFMFTTLAGLGALARDYARRDADRELLGAFQTVYQVIGDDLDNAAPEFSAVAPTGPAGIHYVWWDDTIVAPLAAHVTEADRRAAEELPAPVRELLAAMDRLAAEPLGSAVQLRVVETIALDIAVGFRRVYGKVLAGGEPVFGEKDQFAWIDAHIKAETVHAAQVSDDETGMTGLVTDAERGEEFVRLVEEYAGLFSAALECFGDRLTG,0.0,0.11079025268554688
W255P,PLSPLPAVARAELDARTEREIDRARLRRADNGFFRSARDVESVSPADGHAVAVWWRQMTKAFMFTTLAGLGALARDYARRDADRELLGAFQTVYQVIGDDLDNAAPEFSAVAPTGPAGIHYVWWDDTIVAPLAAHVTEADRRAAEELPAPVRELLAAMDRLAAEPLGSAVQLRVVETIALDIAVGFRRVYGKVLAGGEPVFGEKDQFAWIDAHIKAETVHAAQVSDDETGMTGLVTDAERGEEFVRLVEEYAGLPSAALECFGDRLTG,0.0,-6.890137195587158
W255S,PLSPLPAVARAELDARTEREIDRARLRRADNGFFRSARDVESVSPADGHAVAVWWRQMTKAFMFTTLAGLGALARDYARRDADRELLGAFQTVYQVIGDDLDNAAPEFSAVAPTGPAGIHYVWWDDTIVAPLAAHVTEADRRAAEELPAPVRELLAAMDRLAAEPLGSAVQLRVVETIALDIAVGFRRVYGKVLAGGEPVFGEKDQFAWIDAHIKAETVHAAQVSDDETGMTGLVTDAERGEEFVRLVEEYAGLSSAALECFGDRLTG,0.0,-3.9465529918670654
W255T,PLSPLPAVARAELDARTEREIDRARLRRADNGFFRSARDVESVSPADGHAVAVWWRQMTKAFMFTTLAGLGALARDYARRDADRELLGAFQTVYQVIGDDLDNAAPEFSAVAPTGPAGIHYVWWDDTIVAPLAAHVTEADRRAAEELPAPVRELLAAMDRLAAEPLGSAVQLRVVETIALDIAVGFRRVYGKVLAGGEPVFGEKDQFAWIDAHIKAETVHAAQVSDDETGMTGLVTDAERGEEFVRLVEEYAGLTSAALECFGDRLTG,0.0,-2.4731247425079346
W255Y,PLSPLPAVARAELDARTEREIDRARLRRADNGFFRSARDVESVSPADGHAVAVWWRQMTKAFMFTTLAGLGALARDYARRDADRELLGAFQTVYQVIGDDLDNAAPEFSAVAPTGPAGIHYVWWDDTIVAPLAAHVTEADRRAAEELPAPVRELLAAMDRLAAEPLGSAVQLRVVETIALDIAVGFRRVYGKVLAGGEPVFGEKDQFAWIDAHIKAETVHAAQVSDDETGMTGLVTDAERGEEFVRLVEEYAGLYSAALECFGDRLTG,0.0,-0.33723536133766174
W255V,PLSPLPAVARAELDARTEREIDRARLRRADNGFFRSARDVESVSPADGHAVAVWWRQMTKAFMFTTLAGLGALARDYARRDADRELLGAFQTVYQVIGDDLDNAAPEFSAVAPTGPAGIHYVWWDDTIVAPLAAHVTEADRRAAEELPAPVRELLAAMDRLAAEPLGSAVQLRVVETIALDIAVGFRRVYGKVLAGGEPVFGEKDQFAWIDAHIKAETVHAAQVSDDETGMTGLVTDAERGEEFVRLVEEYAGLVSAALECFGDRLTG,0.0,-0.5332986116409302
