mutant,mutated_sequence,DMS_score,esm_msa1b_t12_100M_UR50S_seed1,esm_msa1b_t12_100M_UR50S_seed2,esm_msa1b_t12_100M_UR50S_seed3,esm_msa1b_t12_100M_UR50S_seed4,esm_msa1b_t12_100M_UR50S_seed5,esm_msa1b_t12_100M_UR50S_ensemble
W55A,PLSPLPAVARAELDARTEREIDRARLRRADNGFFRSARDVESVSPADGHAVAVWARQMTKAFMFTTLAGLGALARDYARRDADRELLGAFQTVYQVIGDDLDNAAPEFSAVAPTGPAGIHYVWWDDTIVAPLAAHVTEADRRAAEELPAPVRELLAAMDRLAAEPLGSAVQLRVVETIALDIAVGFRRVYGKVLAGGEPVFGEKDQFAWIDAHIKAETVHAAQVSDDETGMTGLVTDAERGEEFVRLVEEYAGLWSAALECFGDRLTG,0.0,-13.133563995361328,-11.795464515686035,-12.300395011901855,-11.975398063659668,-12.355805397033691,-12.312125396728515
W55R,PLSPLPAVARAELDARTEREIDRARLRRADNGFFRSARDVESVSPADGHAVAVWRRQMTKAFMFTTLAGLGALARDYARRDADRELLGAFQTVYQVIGDDLDNAAPEFSAVAPTGPAGIHYVWWDDTIVAPLAAHVTEADRRAAEELPAPVRELLAAMDRLAAEPLGSAVQLRVVETIALDIAVGFRRVYGKVLAGGEPVFGEKDQFAWIDAHIKAETVHAAQVSDDETGMTGLVTDAERGEEFVRLVEEYAGLWSAALECFGDRLTG,0.0,-10.805286407470703,-10.986610412597656,-11.213648796081545,-11.133136749267578,-11.073728561401367,-11.04248218536377
W55N,PLSPLPAVARAELDARTEREIDRARLRRADNGFFRSARDVESVSPADGHAVAVWNRQMTKAFMFTTLAGLGALARDYARRDADRELLGAFQTVYQVIGDDLDNAAPEFSAVAPTGPAGIHYVWWDDTIVAPLAAHVTEADRRAAEELPAPVRELLAAMDRLAAEPLGSAVQLRVVETIALDIAVGFRRVYGKVLAGGEPVFGEKDQFAWIDAHIKAETVHAAQVSDDETGMTGLVTDAERGEEFVRLVEEYAGLWSAALECFGDRLTG,0.0,-16.151216506958008,-15.715755462646484,-16.14561653137207,-15.540340423583984,-15.78360080718994,-15.867305946350097
W55D,PLSPLPAVARAELDARTEREIDRARLRRADNGFFRSARDVESVSPADGHAVAVWDRQMTKAFMFTTLAGLGALARDYARRDADRELLGAFQTVYQVIGDDLDNAAPEFSAVAPTGPAGIHYVWWDDTIVAPLAAHVTEADRRAAEELPAPVRELLAAMDRLAAEPLGSAVQLRVVETIALDIAVGFRRVYGKVLAGGEPVFGEKDQFAWIDAHIKAETVHAAQVSDDETGMTGLVTDAERGEEFVRLVEEYAGLWSAALECFGDRLTG,0.0,-16.758913040161133,-16.283767700195312,-16.264936447143555,-15.714454650878906,-16.206050872802734,-16.245624542236328
W55C,PLSPLPAVARAELDARTEREIDRARLRRADNGFFRSARDVESVSPADGHAVAVWCRQMTKAFMFTTLAGLGALARDYARRDADRELLGAFQTVYQVIGDDLDNAAPEFSAVAPTGPAGIHYVWWDDTIVAPLAAHVTEADRRAAEELPAPVRELLAAMDRLAAEPLGSAVQLRVVETIALDIAVGFRRVYGKVLAGGEPVFGEKDQFAWIDAHIKAETVHAAQVSDDETGMTGLVTDAERGEEFVRLVEEYAGLWSAALECFGDRLTG,0.0,-13.632596015930176,-12.99375057220459,-13.1267671585083,-13.253764152526855,-13.46877670288086,-13.295130920410156
W55Q,PLSPLPAVARAELDARTEREIDRARLRRADNGFFRSARDVESVSPADGHAVAVWQRQMTKAFMFTTLAGLGALARDYARRDADRELLGAFQTVYQVIGDDLDNAAPEFSAVAPTGPAGIHYVWWDDTIVAPLAAHVTEADRRAAEELPAPVRELLAAMDRLAAEPLGSAVQLRVVETIALDIAVGFRRVYGKVLAGGEPVFGEKDQFAWIDAHIKAETVHAAQVSDDETGMTGLVTDAERGEEFVRLVEEYAGLWSAALECFGDRLTG,0.0,-12.904747009277344,-12.15549373626709,-12.757006645202637,-12.28675937652588,-12.710284233093262,-12.562858200073242
W55E,PLSPLPAVARAELDARTEREIDRARLRRADNGFFRSARDVESVSPADGHAVAVWERQMTKAFMFTTLAGLGALARDYARRDADRELLGAFQTVYQVIGDDLDNAAPEFSAVAPTGPAGIHYVWWDDTIVAPLAAHVTEADRRAAEELPAPVRELLAAMDRLAAEPLGSAVQLRVVETIALDIAVGFRRVYGKVLAGGEPVFGEKDQFAWIDAHIKAETVHAAQVSDDETGMTGLVTDAERGEEFVRLVEEYAGLWSAALECFGDRLTG,0.0,-16.10988998413086,-15.553829193115234,-15.99558448791504,-15.32598114013672,-15.772683143615724,-15.751593589782715
W55G,PLSPLPAVARAELDARTEREIDRARLRRADNGFFRSARDVESVSPADGHAVAVWGRQMTKAFMFTTLAGLGALARDYARRDADRELLGAFQTVYQVIGDDLDNAAPEFSAVAPTGPAGIHYVWWDDTIVAPLAAHVTEADRRAAEELPAPVRELLAAMDRLAAEPLGSAVQLRVVETIALDIAVGFRRVYGKVLAGGEPVFGEKDQFAWIDAHIKAETVHAAQVSDDETGMTGLVTDAERGEEFVRLVEEYAGLWSAALECFGDRLTG,0.0,-12.961804389953612,-12.443377494812012,-12.792512893676758,-12.260955810546877,-12.70607089996338,-12.632944297790527
W55H,PLSPLPAVARAELDARTEREIDRARLRRADNGFFRSARDVESVSPADGHAVAVWHRQMTKAFMFTTLAGLGALARDYARRDADRELLGAFQTVYQVIGDDLDNAAPEFSAVAPTGPAGIHYVWWDDTIVAPLAAHVTEADRRAAEELPAPVRELLAAMDRLAAEPLGSAVQLRVVETIALDIAVGFRRVYGKVLAGGEPVFGEKDQFAWIDAHIKAETVHAAQVSDDETGMTGLVTDAERGEEFVRLVEEYAGLWSAALECFGDRLTG,0.0,-14.305803298950195,-13.47097110748291,-13.576595306396484,-13.497648239135742,-13.903482437133787,-13.750900077819825
W55I,PLSPLPAVARAELDARTEREIDRARLRRADNGFFRSARDVESVSPADGHAVAVWIRQMTKAFMFTTLAGLGALARDYARRDADRELLGAFQTVYQVIGDDLDNAAPEFSAVAPTGPAGIHYVWWDDTIVAPLAAHVTEADRRAAEELPAPVRELLAAMDRLAAEPLGSAVQLRVVETIALDIAVGFRRVYGKVLAGGEPVFGEKDQFAWIDAHIKAETVHAAQVSDDETGMTGLVTDAERGEEFVRLVEEYAGLWSAALECFGDRLTG,0.0,-14.448508262634276,-13.769174575805664,-13.991515159606934,-13.63106918334961,-14.29639720916748,-14.027332878112793
W55L,PLSPLPAVARAELDARTEREIDRARLRRADNGFFRSARDVESVSPADGHAVAVWLRQMTKAFMFTTLAGLGALARDYARRDADRELLGAFQTVYQVIGDDLDNAAPEFSAVAPTGPAGIHYVWWDDTIVAPLAAHVTEADRRAAEELPAPVRELLAAMDRLAAEPLGSAVQLRVVETIALDIAVGFRRVYGKVLAGGEPVFGEKDQFAWIDAHIKAETVHAAQVSDDETGMTGLVTDAERGEEFVRLVEEYAGLWSAALECFGDRLTG,0.0,-10.798660278320312,-10.537469863891602,-10.668490409851074,-10.532808303833008,-10.753164291381836,-10.658118629455567
W55K,PLSPLPAVARAELDARTEREIDRARLRRADNGFFRSARDVESVSPADGHAVAVWKRQMTKAFMFTTLAGLGALARDYARRDADRELLGAFQTVYQVIGDDLDNAAPEFSAVAPTGPAGIHYVWWDDTIVAPLAAHVTEADRRAAEELPAPVRELLAAMDRLAAEPLGSAVQLRVVETIALDIAVGFRRVYGKVLAGGEPVFGEKDQFAWIDAHIKAETVHAAQVSDDETGMTGLVTDAERGEEFVRLVEEYAGLWSAALECFGDRLTG,0.0,-14.876359939575195,-14.61325454711914,-15.386963844299316,-14.84765625,-14.965763092041016,-14.937999534606934
W55M,PLSPLPAVARAELDARTEREIDRARLRRADNGFFRSARDVESVSPADGHAVAVWMRQMTKAFMFTTLAGLGALARDYARRDADRELLGAFQTVYQVIGDDLDNAAPEFSAVAPTGPAGIHYVWWDDTIVAPLAAHVTEADRRAAEELPAPVRELLAAMDRLAAEPLGSAVQLRVVETIALDIAVGFRRVYGKVLAGGEPVFGEKDQFAWIDAHIKAETVHAAQVSDDETGMTGLVTDAERGEEFVRLVEEYAGLWSAALECFGDRLTG,0.0,-14.454106330871582,-13.799372673034668,-13.989794731140137,-13.85790729522705,-14.193370819091797,-14.058910369873047
W55F,PLSPLPAVARAELDARTEREIDRARLRRADNGFFRSARDVESVSPADGHAVAVWFRQMTKAFMFTTLAGLGALARDYARRDADRELLGAFQTVYQVIGDDLDNAAPEFSAVAPTGPAGIHYVWWDDTIVAPLAAHVTEADRRAAEELPAPVRELLAAMDRLAAEPLGSAVQLRVVETIALDIAVGFRRVYGKVLAGGEPVFGEKDQFAWIDAHIKAETVHAAQVSDDETGMTGLVTDAERGEEFVRLVEEYAGLWSAALECFGDRLTG,0.0,-11.379743576049805,-10.349602699279783,-10.7578763961792,-10.463461875915527,-11.181434631347656,-10.826423835754394
W55P,PLSPLPAVARAELDARTEREIDRARLRRADNGFFRSARDVESVSPADGHAVAVWPRQMTKAFMFTTLAGLGALARDYARRDADRELLGAFQTVYQVIGDDLDNAAPEFSAVAPTGPAGIHYVWWDDTIVAPLAAHVTEADRRAAEELPAPVRELLAAMDRLAAEPLGSAVQLRVVETIALDIAVGFRRVYGKVLAGGEPVFGEKDQFAWIDAHIKAETVHAAQVSDDETGMTGLVTDAERGEEFVRLVEEYAGLWSAALECFGDRLTG,0.0,-14.35016632080078,-13.34820556640625,-13.662954330444336,-13.39557933807373,-14.272570610046388,-13.805895233154297
W55S,PLSPLPAVARAELDARTEREIDRARLRRADNGFFRSARDVESVSPADGHAVAVWSRQMTKAFMFTTLAGLGALARDYARRDADRELLGAFQTVYQVIGDDLDNAAPEFSAVAPTGPAGIHYVWWDDTIVAPLAAHVTEADRRAAEELPAPVRELLAAMDRLAAEPLGSAVQLRVVETIALDIAVGFRRVYGKVLAGGEPVFGEKDQFAWIDAHIKAETVHAAQVSDDETGMTGLVTDAERGEEFVRLVEEYAGLWSAALECFGDRLTG,0.0,-12.387636184692385,-11.631192207336426,-12.089807510375977,-11.735323905944824,-12.133991241455078,-11.995590209960938
W55T,PLSPLPAVARAELDARTEREIDRARLRRADNGFFRSARDVESVSPADGHAVAVWTRQMTKAFMFTTLAGLGALARDYARRDADRELLGAFQTVYQVIGDDLDNAAPEFSAVAPTGPAGIHYVWWDDTIVAPLAAHVTEADRRAAEELPAPVRELLAAMDRLAAEPLGSAVQLRVVETIALDIAVGFRRVYGKVLAGGEPVFGEKDQFAWIDAHIKAETVHAAQVSDDETGMTGLVTDAERGEEFVRLVEEYAGLWSAALECFGDRLTG,0.0,-15.686874389648438,-14.589557647705078,-15.245879173278809,-14.771845817565918,-15.303497314453123,-15.119530868530273
W55Y,PLSPLPAVARAELDARTEREIDRARLRRADNGFFRSARDVESVSPADGHAVAVWYRQMTKAFMFTTLAGLGALARDYARRDADRELLGAFQTVYQVIGDDLDNAAPEFSAVAPTGPAGIHYVWWDDTIVAPLAAHVTEADRRAAEELPAPVRELLAAMDRLAAEPLGSAVQLRVVETIALDIAVGFRRVYGKVLAGGEPVFGEKDQFAWIDAHIKAETVHAAQVSDDETGMTGLVTDAERGEEFVRLVEEYAGLWSAALECFGDRLTG,0.0,-11.248955726623535,-10.276369094848633,-10.419516563415527,-10.565194129943848,-11.299206733703612,-10.761848449707031
W55V,PLSPLPAVARAELDARTEREIDRARLRRADNGFFRSARDVESVSPADGHAVAVWVRQMTKAFMFTTLAGLGALARDYARRDADRELLGAFQTVYQVIGDDLDNAAPEFSAVAPTGPAGIHYVWWDDTIVAPLAAHVTEADRRAAEELPAPVRELLAAMDRLAAEPLGSAVQLRVVETIALDIAVGFRRVYGKVLAGGEPVFGEKDQFAWIDAHIKAETVHAAQVSDDETGMTGLVTDAERGEEFVRLVEEYAGLWSAALECFGDRLTG,0.0,-13.873695373535156,-13.212613105773926,-13.476330757141112,-13.049901962280272,-13.66707706451416,-13.455923652648925
F62A,PLSPLPAVARAELDARTEREIDRARLRRADNGFFRSARDVESVSPADGHAVAVWWRQMTKAAMFTTLAGLGALARDYARRDADRELLGAFQTVYQVIGDDLDNAAPEFSAVAPTGPAGIHYVWWDDTIVAPLAAHVTEADRRAAEELPAPVRELLAAMDRLAAEPLGSAVQLRVVETIALDIAVGFRRVYGKVLAGGEPVFGEKDQFAWIDAHIKAETVHAAQVSDDETGMTGLVTDAERGEEFVRLVEEYAGLWSAALECFGDRLTG,0.0,-12.359952926635742,-11.512979507446287,-11.942529678344728,-11.548927307128906,-12.346124649047852,-11.942102813720703
F62R,PLSPLPAVARAELDARTEREIDRARLRRADNGFFRSARDVESVSPADGHAVAVWWRQMTKARMFTTLAGLGALARDYARRDADRELLGAFQTVYQVIGDDLDNAAPEFSAVAPTGPAGIHYVWWDDTIVAPLAAHVTEADRRAAEELPAPVRELLAAMDRLAAEPLGSAVQLRVVETIALDIAVGFRRVYGKVLAGGEPVFGEKDQFAWIDAHIKAETVHAAQVSDDETGMTGLVTDAERGEEFVRLVEEYAGLWSAALECFGDRLTG,0.0,-14.1943941116333,-14.737272262573242,-15.083680152893066,-14.763291358947754,-14.647012710571287,-14.68513011932373
F62N,PLSPLPAVARAELDARTEREIDRARLRRADNGFFRSARDVESVSPADGHAVAVWWRQMTKANMFTTLAGLGALARDYARRDADRELLGAFQTVYQVIGDDLDNAAPEFSAVAPTGPAGIHYVWWDDTIVAPLAAHVTEADRRAAEELPAPVRELLAAMDRLAAEPLGSAVQLRVVETIALDIAVGFRRVYGKVLAGGEPVFGEKDQFAWIDAHIKAETVHAAQVSDDETGMTGLVTDAERGEEFVRLVEEYAGLWSAALECFGDRLTG,0.0,-15.002760887145996,-15.322783470153809,-15.75710105895996,-15.146927833557127,-15.336179733276367,-15.313150596618652
F62D,PLSPLPAVARAELDARTEREIDRARLRRADNGFFRSARDVESVSPADGHAVAVWWRQMTKADMFTTLAGLGALARDYARRDADRELLGAFQTVYQVIGDDLDNAAPEFSAVAPTGPAGIHYVWWDDTIVAPLAAHVTEADRRAAEELPAPVRELLAAMDRLAAEPLGSAVQLRVVETIALDIAVGFRRVYGKVLAGGEPVFGEKDQFAWIDAHIKAETVHAAQVSDDETGMTGLVTDAERGEEFVRLVEEYAGLWSAALECFGDRLTG,0.0,-16.102428436279297,-16.263755798339844,-16.383678436279297,-15.927550315856934,-16.138484954833984,-16.16317958831787
F62C,PLSPLPAVARAELDARTEREIDRARLRRADNGFFRSARDVESVSPADGHAVAVWWRQMTKACMFTTLAGLGALARDYARRDADRELLGAFQTVYQVIGDDLDNAAPEFSAVAPTGPAGIHYVWWDDTIVAPLAAHVTEADRRAAEELPAPVRELLAAMDRLAAEPLGSAVQLRVVETIALDIAVGFRRVYGKVLAGGEPVFGEKDQFAWIDAHIKAETVHAAQVSDDETGMTGLVTDAERGEEFVRLVEEYAGLWSAALECFGDRLTG,0.0,-11.251776695251465,-10.95248031616211,-11.315654754638672,-11.09498119354248,-11.295876502990724,-11.18215389251709
F62Q,PLSPLPAVARAELDARTEREIDRARLRRADNGFFRSARDVESVSPADGHAVAVWWRQMTKAQMFTTLAGLGALARDYARRDADRELLGAFQTVYQVIGDDLDNAAPEFSAVAPTGPAGIHYVWWDDTIVAPLAAHVTEADRRAAEELPAPVRELLAAMDRLAAEPLGSAVQLRVVETIALDIAVGFRRVYGKVLAGGEPVFGEKDQFAWIDAHIKAETVHAAQVSDDETGMTGLVTDAERGEEFVRLVEEYAGLWSAALECFGDRLTG,0.0,-15.22477912902832,-14.809492111206056,-15.493082046508787,-14.971476554870604,-15.437729835510254,-15.187311935424805
F62E,PLSPLPAVARAELDARTEREIDRARLRRADNGFFRSARDVESVSPADGHAVAVWWRQMTKAEMFTTLAGLGALARDYARRDADRELLGAFQTVYQVIGDDLDNAAPEFSAVAPTGPAGIHYVWWDDTIVAPLAAHVTEADRRAAEELPAPVRELLAAMDRLAAEPLGSAVQLRVVETIALDIAVGFRRVYGKVLAGGEPVFGEKDQFAWIDAHIKAETVHAAQVSDDETGMTGLVTDAERGEEFVRLVEEYAGLWSAALECFGDRLTG,0.0,-16.855182647705078,-16.52475357055664,-17.00252914428711,-16.113361358642578,-16.971994400024414,-16.693564224243165
F62G,PLSPLPAVARAELDARTEREIDRARLRRADNGFFRSARDVESVSPADGHAVAVWWRQMTKAGMFTTLAGLGALARDYARRDADRELLGAFQTVYQVIGDDLDNAAPEFSAVAPTGPAGIHYVWWDDTIVAPLAAHVTEADRRAAEELPAPVRELLAAMDRLAAEPLGSAVQLRVVETIALDIAVGFRRVYGKVLAGGEPVFGEKDQFAWIDAHIKAETVHAAQVSDDETGMTGLVTDAERGEEFVRLVEEYAGLWSAALECFGDRLTG,0.0,-14.463597297668455,-14.116243362426758,-14.652503967285156,-13.933150291442873,-14.523687362670898,-14.337836456298827
F62H,PLSPLPAVARAELDARTEREIDRARLRRADNGFFRSARDVESVSPADGHAVAVWWRQMTKAHMFTTLAGLGALARDYARRDADRELLGAFQTVYQVIGDDLDNAAPEFSAVAPTGPAGIHYVWWDDTIVAPLAAHVTEADRRAAEELPAPVRELLAAMDRLAAEPLGSAVQLRVVETIALDIAVGFRRVYGKVLAGGEPVFGEKDQFAWIDAHIKAETVHAAQVSDDETGMTGLVTDAERGEEFVRLVEEYAGLWSAALECFGDRLTG,0.0,-12.61025333404541,-12.131634712219238,-12.691980361938477,-12.411953926086426,-12.488146781921388,-12.466793823242188
F62I,PLSPLPAVARAELDARTEREIDRARLRRADNGFFRSARDVESVSPADGHAVAVWWRQMTKAIMFTTLAGLGALARDYARRDADRELLGAFQTVYQVIGDDLDNAAPEFSAVAPTGPAGIHYVWWDDTIVAPLAAHVTEADRRAAEELPAPVRELLAAMDRLAAEPLGSAVQLRVVETIALDIAVGFRRVYGKVLAGGEPVFGEKDQFAWIDAHIKAETVHAAQVSDDETGMTGLVTDAERGEEFVRLVEEYAGLWSAALECFGDRLTG,0.0,-11.236980438232422,-10.790658950805664,-10.959428787231444,-10.758920669555664,-11.25313663482666,-10.99982509613037
F62L,PLSPLPAVARAELDARTEREIDRARLRRADNGFFRSARDVESVSPADGHAVAVWWRQMTKALMFTTLAGLGALARDYARRDADRELLGAFQTVYQVIGDDLDNAAPEFSAVAPTGPAGIHYVWWDDTIVAPLAAHVTEADRRAAEELPAPVRELLAAMDRLAAEPLGSAVQLRVVETIALDIAVGFRRVYGKVLAGGEPVFGEKDQFAWIDAHIKAETVHAAQVSDDETGMTGLVTDAERGEEFVRLVEEYAGLWSAALECFGDRLTG,0.0,-9.168267250061035,-9.090099334716797,-9.05136775970459,-8.982328414916992,-9.141517639160156,-9.086716079711914
F62K,PLSPLPAVARAELDARTEREIDRARLRRADNGFFRSARDVESVSPADGHAVAVWWRQMTKAKMFTTLAGLGALARDYARRDADRELLGAFQTVYQVIGDDLDNAAPEFSAVAPTGPAGIHYVWWDDTIVAPLAAHVTEADRRAAEELPAPVRELLAAMDRLAAEPLGSAVQLRVVETIALDIAVGFRRVYGKVLAGGEPVFGEKDQFAWIDAHIKAETVHAAQVSDDETGMTGLVTDAERGEEFVRLVEEYAGLWSAALECFGDRLTG,0.0,-16.49481773376465,-16.73006820678711,-17.332176208496094,-16.74534034729004,-17.01384925842285,-16.86325035095215
F62M,PLSPLPAVARAELDARTEREIDRARLRRADNGFFRSARDVESVSPADGHAVAVWWRQMTKAMMFTTLAGLGALARDYARRDADRELLGAFQTVYQVIGDDLDNAAPEFSAVAPTGPAGIHYVWWDDTIVAPLAAHVTEADRRAAEELPAPVRELLAAMDRLAAEPLGSAVQLRVVETIALDIAVGFRRVYGKVLAGGEPVFGEKDQFAWIDAHIKAETVHAAQVSDDETGMTGLVTDAERGEEFVRLVEEYAGLWSAALECFGDRLTG,0.0,-12.292859077453612,-11.743738174438477,-11.897191047668455,-11.883502960205078,-12.245182037353516,-12.012494659423828
F62P,PLSPLPAVARAELDARTEREIDRARLRRADNGFFRSARDVESVSPADGHAVAVWWRQMTKAPMFTTLAGLGALARDYARRDADRELLGAFQTVYQVIGDDLDNAAPEFSAVAPTGPAGIHYVWWDDTIVAPLAAHVTEADRRAAEELPAPVRELLAAMDRLAAEPLGSAVQLRVVETIALDIAVGFRRVYGKVLAGGEPVFGEKDQFAWIDAHIKAETVHAAQVSDDETGMTGLVTDAERGEEFVRLVEEYAGLWSAALECFGDRLTG,0.0,-14.315573692321776,-14.088667869567873,-14.15398406982422,-13.970961570739746,-14.553590774536133,-14.21655559539795
F62S,PLSPLPAVARAELDARTEREIDRARLRRADNGFFRSARDVESVSPADGHAVAVWWRQMTKASMFTTLAGLGALARDYARRDADRELLGAFQTVYQVIGDDLDNAAPEFSAVAPTGPAGIHYVWWDDTIVAPLAAHVTEADRRAAEELPAPVRELLAAMDRLAAEPLGSAVQLRVVETIALDIAVGFRRVYGKVLAGGEPVFGEKDQFAWIDAHIKAETVHAAQVSDDETGMTGLVTDAERGEEFVRLVEEYAGLWSAALECFGDRLTG,0.0,-10.818979263305664,-10.72922706604004,-11.124419212341309,-10.644594192504885,-11.164261817932127,-10.896296310424805
F62T,PLSPLPAVARAELDARTEREIDRARLRRADNGFFRSARDVESVSPADGHAVAVWWRQMTKATMFTTLAGLGALARDYARRDADRELLGAFQTVYQVIGDDLDNAAPEFSAVAPTGPAGIHYVWWDDTIVAPLAAHVTEADRRAAEELPAPVRELLAAMDRLAAEPLGSAVQLRVVETIALDIAVGFRRVYGKVLAGGEPVFGEKDQFAWIDAHIKAETVHAAQVSDDETGMTGLVTDAERGEEFVRLVEEYAGLWSAALECFGDRLTG,0.0,-14.872377395629885,-14.18638038635254,-14.705260276794434,-14.155604362487791,-14.919285774230955,-14.56778163909912
F62W,PLSPLPAVARAELDARTEREIDRARLRRADNGFFRSARDVESVSPADGHAVAVWWRQMTKAWMFTTLAGLGALARDYARRDADRELLGAFQTVYQVIGDDLDNAAPEFSAVAPTGPAGIHYVWWDDTIVAPLAAHVTEADRRAAEELPAPVRELLAAMDRLAAEPLGSAVQLRVVETIALDIAVGFRRVYGKVLAGGEPVFGEKDQFAWIDAHIKAETVHAAQVSDDETGMTGLVTDAERGEEFVRLVEEYAGLWSAALECFGDRLTG,0.0,-11.451911926269531,-10.875062942504885,-11.699739456176758,-11.346728324890137,-11.489819526672363,-11.372652435302735
F62Y,PLSPLPAVARAELDARTEREIDRARLRRADNGFFRSARDVESVSPADGHAVAVWWRQMTKAYMFTTLAGLGALARDYARRDADRELLGAFQTVYQVIGDDLDNAAPEFSAVAPTGPAGIHYVWWDDTIVAPLAAHVTEADRRAAEELPAPVRELLAAMDRLAAEPLGSAVQLRVVETIALDIAVGFRRVYGKVLAGGEPVFGEKDQFAWIDAHIKAETVHAAQVSDDETGMTGLVTDAERGEEFVRLVEEYAGLWSAALECFGDRLTG,0.0,-7.786684989929199,-6.71938419342041,-7.723339557647705,-7.423348426818848,-7.555424690246582,-7.441636371612549
F62V,PLSPLPAVARAELDARTEREIDRARLRRADNGFFRSARDVESVSPADGHAVAVWWRQMTKAVMFTTLAGLGALARDYARRDADRELLGAFQTVYQVIGDDLDNAAPEFSAVAPTGPAGIHYVWWDDTIVAPLAAHVTEADRRAAEELPAPVRELLAAMDRLAAEPLGSAVQLRVVETIALDIAVGFRRVYGKVLAGGEPVFGEKDQFAWIDAHIKAETVHAAQVSDDETGMTGLVTDAERGEEFVRLVEEYAGLWSAALECFGDRLTG,0.0,-10.720548629760742,-10.060599327087402,-10.306195259094238,-9.759364128112791,-10.625391006469728,-10.29441967010498
V175A,PLSPLPAVARAELDARTEREIDRARLRRADNGFFRSARDVESVSPADGHAVAVWWRQMTKAFMFTTLAGLGALARDYARRDADRELLGAFQTVYQVIGDDLDNAAPEFSAVAPTGPAGIHYVWWDDTIVAPLAAHVTEADRRAAEELPAPVRELLAAMDRLAAEPLGSAVQLRVAETIALDIAVGFRRVYGKVLAGGEPVFGEKDQFAWIDAHIKAETVHAAQVSDDETGMTGLVTDAERGEEFVRLVEEYAGLWSAALECFGDRLTG,0.0,-8.7774658203125,-8.05196762084961,-8.644048690795898,-8.203615188598633,-8.345137596130371,-8.404446983337403
V175R,PLSPLPAVARAELDARTEREIDRARLRRADNGFFRSARDVESVSPADGHAVAVWWRQMTKAFMFTTLAGLGALARDYARRDADRELLGAFQTVYQVIGDDLDNAAPEFSAVAPTGPAGIHYVWWDDTIVAPLAAHVTEADRRAAEELPAPVRELLAAMDRLAAEPLGSAVQLRVRETIALDIAVGFRRVYGKVLAGGEPVFGEKDQFAWIDAHIKAETVHAAQVSDDETGMTGLVTDAERGEEFVRLVEEYAGLWSAALECFGDRLTG,0.0,-13.418399810791016,-13.16087245941162,-14.210409164428713,-13.733894348144531,-13.354846954345703,-13.575684547424316
V175N,PLSPLPAVARAELDARTEREIDRARLRRADNGFFRSARDVESVSPADGHAVAVWWRQMTKAFMFTTLAGLGALARDYARRDADRELLGAFQTVYQVIGDDLDNAAPEFSAVAPTGPAGIHYVWWDDTIVAPLAAHVTEADRRAAEELPAPVRELLAAMDRLAAEPLGSAVQLRVNETIALDIAVGFRRVYGKVLAGGEPVFGEKDQFAWIDAHIKAETVHAAQVSDDETGMTGLVTDAERGEEFVRLVEEYAGLWSAALECFGDRLTG,0.0,-14.44970703125,-14.07693099975586,-15.093079566955566,-14.323457717895508,-14.448745727539062,-14.478384208679199
V175D,PLSPLPAVARAELDARTEREIDRARLRRADNGFFRSARDVESVSPADGHAVAVWWRQMTKAFMFTTLAGLGALARDYARRDADRELLGAFQTVYQVIGDDLDNAAPEFSAVAPTGPAGIHYVWWDDTIVAPLAAHVTEADRRAAEELPAPVRELLAAMDRLAAEPLGSAVQLRVDETIALDIAVGFRRVYGKVLAGGEPVFGEKDQFAWIDAHIKAETVHAAQVSDDETGMTGLVTDAERGEEFVRLVEEYAGLWSAALECFGDRLTG,0.0,-14.805599212646484,-14.550820350646973,-14.746517181396484,-14.591541290283203,-14.59195041656494,-14.657285690307617
V175C,PLSPLPAVARAELDARTEREIDRARLRRADNGFFRSARDVESVSPADGHAVAVWWRQMTKAFMFTTLAGLGALARDYARRDADRELLGAFQTVYQVIGDDLDNAAPEFSAVAPTGPAGIHYVWWDDTIVAPLAAHVTEADRRAAEELPAPVRELLAAMDRLAAEPLGSAVQLRVCETIALDIAVGFRRVYGKVLAGGEPVFGEKDQFAWIDAHIKAETVHAAQVSDDETGMTGLVTDAERGEEFVRLVEEYAGLWSAALECFGDRLTG,0.0,-13.03382682800293,-12.248713493347168,-12.911097526550291,-12.682015419006348,-13.04331111907959,-12.783792877197266
V175Q,PLSPLPAVARAELDARTEREIDRARLRRADNGFFRSARDVESVSPADGHAVAVWWRQMTKAFMFTTLAGLGALARDYARRDADRELLGAFQTVYQVIGDDLDNAAPEFSAVAPTGPAGIHYVWWDDTIVAPLAAHVTEADRRAAEELPAPVRELLAAMDRLAAEPLGSAVQLRVQETIALDIAVGFRRVYGKVLAGGEPVFGEKDQFAWIDAHIKAETVHAAQVSDDETGMTGLVTDAERGEEFVRLVEEYAGLWSAALECFGDRLTG,0.0,-14.494579315185549,-12.82231330871582,-14.334041595458984,-13.482236862182615,-13.805012702941896,-13.787636756896973
V175E,PLSPLPAVARAELDARTEREIDRARLRRADNGFFRSARDVESVSPADGHAVAVWWRQMTKAFMFTTLAGLGALARDYARRDADRELLGAFQTVYQVIGDDLDNAAPEFSAVAPTGPAGIHYVWWDDTIVAPLAAHVTEADRRAAEELPAPVRELLAAMDRLAAEPLGSAVQLRVEETIALDIAVGFRRVYGKVLAGGEPVFGEKDQFAWIDAHIKAETVHAAQVSDDETGMTGLVTDAERGEEFVRLVEEYAGLWSAALECFGDRLTG,0.0,-14.556276321411133,-13.692646980285645,-14.47272491455078,-13.74342918395996,-14.064781188964844,-14.105971717834473
V175G,PLSPLPAVARAELDARTEREIDRARLRRADNGFFRSARDVESVSPADGHAVAVWWRQMTKAFMFTTLAGLGALARDYARRDADRELLGAFQTVYQVIGDDLDNAAPEFSAVAPTGPAGIHYVWWDDTIVAPLAAHVTEADRRAAEELPAPVRELLAAMDRLAAEPLGSAVQLRVGETIALDIAVGFRRVYGKVLAGGEPVFGEKDQFAWIDAHIKAETVHAAQVSDDETGMTGLVTDAERGEEFVRLVEEYAGLWSAALECFGDRLTG,0.0,-12.126006126403809,-11.738965034484863,-12.539188385009766,-11.801279067993164,-12.028236389160156,-12.04673500061035
V175H,PLSPLPAVARAELDARTEREIDRARLRRADNGFFRSARDVESVSPADGHAVAVWWRQMTKAFMFTTLAGLGALARDYARRDADRELLGAFQTVYQVIGDDLDNAAPEFSAVAPTGPAGIHYVWWDDTIVAPLAAHVTEADRRAAEELPAPVRELLAAMDRLAAEPLGSAVQLRVHETIALDIAVGFRRVYGKVLAGGEPVFGEKDQFAWIDAHIKAETVHAAQVSDDETGMTGLVTDAERGEEFVRLVEEYAGLWSAALECFGDRLTG,0.0,-16.802642822265625,-16.0613956451416,-16.916746139526367,-16.467985153198242,-16.512651443481445,-16.552284240722656
V175I,PLSPLPAVARAELDARTEREIDRARLRRADNGFFRSARDVESVSPADGHAVAVWWRQMTKAFMFTTLAGLGALARDYARRDADRELLGAFQTVYQVIGDDLDNAAPEFSAVAPTGPAGIHYVWWDDTIVAPLAAHVTEADRRAAEELPAPVRELLAAMDRLAAEPLGSAVQLRVIETIALDIAVGFRRVYGKVLAGGEPVFGEKDQFAWIDAHIKAETVHAAQVSDDETGMTGLVTDAERGEEFVRLVEEYAGLWSAALECFGDRLTG,0.0,-5.720695972442627,-4.863225936889648,-5.332576751708984,-5.03806209564209,-5.46544075012207,-5.284000301361084
V175L,PLSPLPAVARAELDARTEREIDRARLRRADNGFFRSARDVESVSPADGHAVAVWWRQMTKAFMFTTLAGLGALARDYARRDADRELLGAFQTVYQVIGDDLDNAAPEFSAVAPTGPAGIHYVWWDDTIVAPLAAHVTEADRRAAEELPAPVRELLAAMDRLAAEPLGSAVQLRVLETIALDIAVGFRRVYGKVLAGGEPVFGEKDQFAWIDAHIKAETVHAAQVSDDETGMTGLVTDAERGEEFVRLVEEYAGLWSAALECFGDRLTG,0.0,-8.681041717529297,-7.939970016479492,-8.49936294555664,-8.110101699829102,-8.17044448852539,-8.280184173583985
V175K,PLSPLPAVARAELDARTEREIDRARLRRADNGFFRSARDVESVSPADGHAVAVWWRQMTKAFMFTTLAGLGALARDYARRDADRELLGAFQTVYQVIGDDLDNAAPEFSAVAPTGPAGIHYVWWDDTIVAPLAAHVTEADRRAAEELPAPVRELLAAMDRLAAEPLGSAVQLRVKETIALDIAVGFRRVYGKVLAGGEPVFGEKDQFAWIDAHIKAETVHAAQVSDDETGMTGLVTDAERGEEFVRLVEEYAGLWSAALECFGDRLTG,0.0,-14.701324462890623,-14.004898071289062,-15.221619606018066,-14.621567726135254,-14.481610298156738,-14.60620403289795
V175M,PLSPLPAVARAELDARTEREIDRARLRRADNGFFRSARDVESVSPADGHAVAVWWRQMTKAFMFTTLAGLGALARDYARRDADRELLGAFQTVYQVIGDDLDNAAPEFSAVAPTGPAGIHYVWWDDTIVAPLAAHVTEADRRAAEELPAPVRELLAAMDRLAAEPLGSAVQLRVMETIALDIAVGFRRVYGKVLAGGEPVFGEKDQFAWIDAHIKAETVHAAQVSDDETGMTGLVTDAERGEEFVRLVEEYAGLWSAALECFGDRLTG,0.0,-9.746305465698242,-9.07855987548828,-9.467843055725098,-9.26213264465332,-9.23402500152588,-9.357773208618164
V175F,PLSPLPAVARAELDARTEREIDRARLRRADNGFFRSARDVESVSPADGHAVAVWWRQMTKAFMFTTLAGLGALARDYARRDADRELLGAFQTVYQVIGDDLDNAAPEFSAVAPTGPAGIHYVWWDDTIVAPLAAHVTEADRRAAEELPAPVRELLAAMDRLAAEPLGSAVQLRVFETIALDIAVGFRRVYGKVLAGGEPVFGEKDQFAWIDAHIKAETVHAAQVSDDETGMTGLVTDAERGEEFVRLVEEYAGLWSAALECFGDRLTG,0.0,-12.300143241882324,-11.50296115875244,-12.064943313598633,-11.30089282989502,-12.087841987609863,-11.851356506347656
V175P,PLSPLPAVARAELDARTEREIDRARLRRADNGFFRSARDVESVSPADGHAVAVWWRQMTKAFMFTTLAGLGALARDYARRDADRELLGAFQTVYQVIGDDLDNAAPEFSAVAPTGPAGIHYVWWDDTIVAPLAAHVTEADRRAAEELPAPVRELLAAMDRLAAEPLGSAVQLRVPETIALDIAVGFRRVYGKVLAGGEPVFGEKDQFAWIDAHIKAETVHAAQVSDDETGMTGLVTDAERGEEFVRLVEEYAGLWSAALECFGDRLTG,0.0,-14.45467472076416,-13.906984329223633,-14.414587020874023,-14.220274925231934,-14.425651550292969,-14.284434509277343
V175S,PLSPLPAVARAELDARTEREIDRARLRRADNGFFRSARDVESVSPADGHAVAVWWRQMTKAFMFTTLAGLGALARDYARRDADRELLGAFQTVYQVIGDDLDNAAPEFSAVAPTGPAGIHYVWWDDTIVAPLAAHVTEADRRAAEELPAPVRELLAAMDRLAAEPLGSAVQLRVSETIALDIAVGFRRVYGKVLAGGEPVFGEKDQFAWIDAHIKAETVHAAQVSDDETGMTGLVTDAERGEEFVRLVEEYAGLWSAALECFGDRLTG,0.0,-12.55807399749756,-11.606282234191896,-12.788145065307615,-11.86364459991455,-12.305766105651855,-12.224382400512695
V175T,PLSPLPAVARAELDARTEREIDRARLRRADNGFFRSARDVESVSPADGHAVAVWWRQMTKAFMFTTLAGLGALARDYARRDADRELLGAFQTVYQVIGDDLDNAAPEFSAVAPTGPAGIHYVWWDDTIVAPLAAHVTEADRRAAEELPAPVRELLAAMDRLAAEPLGSAVQLRVTETIALDIAVGFRRVYGKVLAGGEPVFGEKDQFAWIDAHIKAETVHAAQVSDDETGMTGLVTDAERGEEFVRLVEEYAGLWSAALECFGDRLTG,0.0,-10.848271369934082,-9.487994194030762,-10.914100646972656,-10.170259475708008,-10.319777488708496,-10.3480806350708
V175W,PLSPLPAVARAELDARTEREIDRARLRRADNGFFRSARDVESVSPADGHAVAVWWRQMTKAFMFTTLAGLGALARDYARRDADRELLGAFQTVYQVIGDDLDNAAPEFSAVAPTGPAGIHYVWWDDTIVAPLAAHVTEADRRAAEELPAPVRELLAAMDRLAAEPLGSAVQLRVWETIALDIAVGFRRVYGKVLAGGEPVFGEKDQFAWIDAHIKAETVHAAQVSDDETGMTGLVTDAERGEEFVRLVEEYAGLWSAALECFGDRLTG,0.0,-15.434081077575684,-15.018346786499023,-15.732454299926758,-15.309784889221191,-15.03761863708496,-15.306457138061523
V175Y,PLSPLPAVARAELDARTEREIDRARLRRADNGFFRSARDVESVSPADGHAVAVWWRQMTKAFMFTTLAGLGALARDYARRDADRELLGAFQTVYQVIGDDLDNAAPEFSAVAPTGPAGIHYVWWDDTIVAPLAAHVTEADRRAAEELPAPVRELLAAMDRLAAEPLGSAVQLRVYETIALDIAVGFRRVYGKVLAGGEPVFGEKDQFAWIDAHIKAETVHAAQVSDDETGMTGLVTDAERGEEFVRLVEEYAGLWSAALECFGDRLTG,0.0,-14.974184036254885,-14.545957565307615,-15.12039566040039,-14.664679527282717,-15.003986358642578,-14.861840629577637
I178A,PLSPLPAVARAELDARTEREIDRARLRRADNGFFRSARDVESVSPADGHAVAVWWRQMTKAFMFTTLAGLGALARDYARRDADRELLGAFQTVYQVIGDDLDNAAPEFSAVAPTGPAGIHYVWWDDTIVAPLAAHVTEADRRAAEELPAPVRELLAAMDRLAAEPLGSAVQLRVVETAALDIAVGFRRVYGKVLAGGEPVFGEKDQFAWIDAHIKAETVHAAQVSDDETGMTGLVTDAERGEEFVRLVEEYAGLWSAALECFGDRLTG,0.0,-12.466510772705078,-11.323834419250488,-12.131803512573242,-11.412588119506836,-12.435771942138672,-11.954101753234863
I178R,PLSPLPAVARAELDARTEREIDRARLRRADNGFFRSARDVESVSPADGHAVAVWWRQMTKAFMFTTLAGLGALARDYARRDADRELLGAFQTVYQVIGDDLDNAAPEFSAVAPTGPAGIHYVWWDDTIVAPLAAHVTEADRRAAEELPAPVRELLAAMDRLAAEPLGSAVQLRVVETRALDIAVGFRRVYGKVLAGGEPVFGEKDQFAWIDAHIKAETVHAAQVSDDETGMTGLVTDAERGEEFVRLVEEYAGLWSAALECFGDRLTG,0.0,-13.617734909057615,-13.86314868927002,-14.479146003723145,-13.895989418029783,-14.096363067626951,-13.990476417541505
I178N,PLSPLPAVARAELDARTEREIDRARLRRADNGFFRSARDVESVSPADGHAVAVWWRQMTKAFMFTTLAGLGALARDYARRDADRELLGAFQTVYQVIGDDLDNAAPEFSAVAPTGPAGIHYVWWDDTIVAPLAAHVTEADRRAAEELPAPVRELLAAMDRLAAEPLGSAVQLRVVETNALDIAVGFRRVYGKVLAGGEPVFGEKDQFAWIDAHIKAETVHAAQVSDDETGMTGLVTDAERGEEFVRLVEEYAGLWSAALECFGDRLTG,0.0,-12.57761287689209,-12.963910102844238,-13.478686332702637,-12.70092487335205,-13.159282684326172,-12.976083374023437
I178D,PLSPLPAVARAELDARTEREIDRARLRRADNGFFRSARDVESVSPADGHAVAVWWRQMTKAFMFTTLAGLGALARDYARRDADRELLGAFQTVYQVIGDDLDNAAPEFSAVAPTGPAGIHYVWWDDTIVAPLAAHVTEADRRAAEELPAPVRELLAAMDRLAAEPLGSAVQLRVVETDALDIAVGFRRVYGKVLAGGEPVFGEKDQFAWIDAHIKAETVHAAQVSDDETGMTGLVTDAERGEEFVRLVEEYAGLWSAALECFGDRLTG,0.0,-16.609485626220703,-16.723323822021484,-16.77215003967285,-16.304319381713867,-16.805837631225586,-16.6430233001709
I178C,PLSPLPAVARAELDARTEREIDRARLRRADNGFFRSARDVESVSPADGHAVAVWWRQMTKAFMFTTLAGLGALARDYARRDADRELLGAFQTVYQVIGDDLDNAAPEFSAVAPTGPAGIHYVWWDDTIVAPLAAHVTEADRRAAEELPAPVRELLAAMDRLAAEPLGSAVQLRVVETCALDIAVGFRRVYGKVLAGGEPVFGEKDQFAWIDAHIKAETVHAAQVSDDETGMTGLVTDAERGEEFVRLVEEYAGLWSAALECFGDRLTG,0.0,-15.041586875915527,-13.50505256652832,-14.62002182006836,-14.327085494995115,-15.154812812805176,-14.5297119140625
I178Q,PLSPLPAVARAELDARTEREIDRARLRRADNGFFRSARDVESVSPADGHAVAVWWRQMTKAFMFTTLAGLGALARDYARRDADRELLGAFQTVYQVIGDDLDNAAPEFSAVAPTGPAGIHYVWWDDTIVAPLAAHVTEADRRAAEELPAPVRELLAAMDRLAAEPLGSAVQLRVVETQALDIAVGFRRVYGKVLAGGEPVFGEKDQFAWIDAHIKAETVHAAQVSDDETGMTGLVTDAERGEEFVRLVEEYAGLWSAALECFGDRLTG,0.0,-15.010144233703612,-13.919023513793944,-15.001855850219728,-13.932527542114258,-15.142199516296388,-14.601150131225586
I178E,PLSPLPAVARAELDARTEREIDRARLRRADNGFFRSARDVESVSPADGHAVAVWWRQMTKAFMFTTLAGLGALARDYARRDADRELLGAFQTVYQVIGDDLDNAAPEFSAVAPTGPAGIHYVWWDDTIVAPLAAHVTEADRRAAEELPAPVRELLAAMDRLAAEPLGSAVQLRVVETEALDIAVGFRRVYGKVLAGGEPVFGEKDQFAWIDAHIKAETVHAAQVSDDETGMTGLVTDAERGEEFVRLVEEYAGLWSAALECFGDRLTG,0.0,-16.737743377685547,-16.317373275756836,-16.84471321105957,-15.951818466186523,-16.82289695739746,-16.534909057617188
I178G,PLSPLPAVARAELDARTEREIDRARLRRADNGFFRSARDVESVSPADGHAVAVWWRQMTKAFMFTTLAGLGALARDYARRDADRELLGAFQTVYQVIGDDLDNAAPEFSAVAPTGPAGIHYVWWDDTIVAPLAAHVTEADRRAAEELPAPVRELLAAMDRLAAEPLGSAVQLRVVETGALDIAVGFRRVYGKVLAGGEPVFGEKDQFAWIDAHIKAETVHAAQVSDDETGMTGLVTDAERGEEFVRLVEEYAGLWSAALECFGDRLTG,0.0,-14.844320297241213,-14.53088092803955,-15.1539888381958,-14.32716941833496,-14.968524932861328,-14.76497688293457
I178H,PLSPLPAVARAELDARTEREIDRARLRRADNGFFRSARDVESVSPADGHAVAVWWRQMTKAFMFTTLAGLGALARDYARRDADRELLGAFQTVYQVIGDDLDNAAPEFSAVAPTGPAGIHYVWWDDTIVAPLAAHVTEADRRAAEELPAPVRELLAAMDRLAAEPLGSAVQLRVVETHALDIAVGFRRVYGKVLAGGEPVFGEKDQFAWIDAHIKAETVHAAQVSDDETGMTGLVTDAERGEEFVRLVEEYAGLWSAALECFGDRLTG,0.0,-16.30293846130371,-15.80856704711914,-16.41454315185547,-15.94227695465088,-16.5423526763916,-16.20213565826416
I178L,PLSPLPAVARAELDARTEREIDRARLRRADNGFFRSARDVESVSPADGHAVAVWWRQMTKAFMFTTLAGLGALARDYARRDADRELLGAFQTVYQVIGDDLDNAAPEFSAVAPTGPAGIHYVWWDDTIVAPLAAHVTEADRRAAEELPAPVRELLAAMDRLAAEPLGSAVQLRVVETLALDIAVGFRRVYGKVLAGGEPVFGEKDQFAWIDAHIKAETVHAAQVSDDETGMTGLVTDAERGEEFVRLVEEYAGLWSAALECFGDRLTG,0.0,-8.046931266784668,-7.319924831390381,-7.874240875244141,-7.515087604522705,-7.97909688949585,-7.747056293487549
I178K,PLSPLPAVARAELDARTEREIDRARLRRADNGFFRSARDVESVSPADGHAVAVWWRQMTKAFMFTTLAGLGALARDYARRDADRELLGAFQTVYQVIGDDLDNAAPEFSAVAPTGPAGIHYVWWDDTIVAPLAAHVTEADRRAAEELPAPVRELLAAMDRLAAEPLGSAVQLRVVETKALDIAVGFRRVYGKVLAGGEPVFGEKDQFAWIDAHIKAETVHAAQVSDDETGMTGLVTDAERGEEFVRLVEEYAGLWSAALECFGDRLTG,0.0,-13.500694274902344,-13.830852508544922,-14.621086120605469,-13.86716651916504,-14.272153854370115,-14.018390655517578
I178M,PLSPLPAVARAELDARTEREIDRARLRRADNGFFRSARDVESVSPADGHAVAVWWRQMTKAFMFTTLAGLGALARDYARRDADRELLGAFQTVYQVIGDDLDNAAPEFSAVAPTGPAGIHYVWWDDTIVAPLAAHVTEADRRAAEELPAPVRELLAAMDRLAAEPLGSAVQLRVVETMALDIAVGFRRVYGKVLAGGEPVFGEKDQFAWIDAHIKAETVHAAQVSDDETGMTGLVTDAERGEEFVRLVEEYAGLWSAALECFGDRLTG,0.0,-9.568817138671877,-9.235587120056152,-9.530231475830078,-9.16579246520996,-9.602630615234377,-9.420611763000489
I178F,PLSPLPAVARAELDARTEREIDRARLRRADNGFFRSARDVESVSPADGHAVAVWWRQMTKAFMFTTLAGLGALARDYARRDADRELLGAFQTVYQVIGDDLDNAAPEFSAVAPTGPAGIHYVWWDDTIVAPLAAHVTEADRRAAEELPAPVRELLAAMDRLAAEPLGSAVQLRVVETFALDIAVGFRRVYGKVLAGGEPVFGEKDQFAWIDAHIKAETVHAAQVSDDETGMTGLVTDAERGEEFVRLVEEYAGLWSAALECFGDRLTG,0.0,-10.977628707885742,-10.4082670211792,-11.085933685302734,-10.421140670776367,-11.180824279785156,-10.81475887298584
I178P,PLSPLPAVARAELDARTEREIDRARLRRADNGFFRSARDVESVSPADGHAVAVWWRQMTKAFMFTTLAGLGALARDYARRDADRELLGAFQTVYQVIGDDLDNAAPEFSAVAPTGPAGIHYVWWDDTIVAPLAAHVTEADRRAAEELPAPVRELLAAMDRLAAEPLGSAVQLRVVETPALDIAVGFRRVYGKVLAGGEPVFGEKDQFAWIDAHIKAETVHAAQVSDDETGMTGLVTDAERGEEFVRLVEEYAGLWSAALECFGDRLTG,0.0,-14.517045021057127,-13.86184024810791,-14.506345748901367,-13.939078330993652,-14.712656021118164,-14.307393074035645
I178S,PLSPLPAVARAELDARTEREIDRARLRRADNGFFRSARDVESVSPADGHAVAVWWRQMTKAFMFTTLAGLGALARDYARRDADRELLGAFQTVYQVIGDDLDNAAPEFSAVAPTGPAGIHYVWWDDTIVAPLAAHVTEADRRAAEELPAPVRELLAAMDRLAAEPLGSAVQLRVVETSALDIAVGFRRVYGKVLAGGEPVFGEKDQFAWIDAHIKAETVHAAQVSDDETGMTGLVTDAERGEEFVRLVEEYAGLWSAALECFGDRLTG,0.0,-12.65781593322754,-12.168634414672852,-12.965579986572266,-12.269390106201172,-12.950495719909668,-12.602383232116699
I178T,PLSPLPAVARAELDARTEREIDRARLRRADNGFFRSARDVESVSPADGHAVAVWWRQMTKAFMFTTLAGLGALARDYARRDADRELLGAFQTVYQVIGDDLDNAAPEFSAVAPTGPAGIHYVWWDDTIVAPLAAHVTEADRRAAEELPAPVRELLAAMDRLAAEPLGSAVQLRVVETTALDIAVGFRRVYGKVLAGGEPVFGEKDQFAWIDAHIKAETVHAAQVSDDETGMTGLVTDAERGEEFVRLVEEYAGLWSAALECFGDRLTG,0.0,-10.782769203186035,-10.010406494140623,-11.064775466918944,-10.074371337890623,-11.081357955932615,-10.60273609161377
I178W,PLSPLPAVARAELDARTEREIDRARLRRADNGFFRSARDVESVSPADGHAVAVWWRQMTKAFMFTTLAGLGALARDYARRDADRELLGAFQTVYQVIGDDLDNAAPEFSAVAPTGPAGIHYVWWDDTIVAPLAAHVTEADRRAAEELPAPVRELLAAMDRLAAEPLGSAVQLRVVETWALDIAVGFRRVYGKVLAGGEPVFGEKDQFAWIDAHIKAETVHAAQVSDDETGMTGLVTDAERGEEFVRLVEEYAGLWSAALECFGDRLTG,0.0,-18.44707679748535,-18.20531463623047,-18.73227500915528,-18.21358299255371,-18.673593521118164,-18.454368591308594
I178Y,PLSPLPAVARAELDARTEREIDRARLRRADNGFFRSARDVESVSPADGHAVAVWWRQMTKAFMFTTLAGLGALARDYARRDADRELLGAFQTVYQVIGDDLDNAAPEFSAVAPTGPAGIHYVWWDDTIVAPLAAHVTEADRRAAEELPAPVRELLAAMDRLAAEPLGSAVQLRVVETYALDIAVGFRRVYGKVLAGGEPVFGEKDQFAWIDAHIKAETVHAAQVSDDETGMTGLVTDAERGEEFVRLVEEYAGLWSAALECFGDRLTG,0.0,-15.133544921875,-14.30124282836914,-15.018129348754885,-14.53383445739746,-15.27658462524414,-14.852667236328125
I178V,PLSPLPAVARAELDARTEREIDRARLRRADNGFFRSARDVESVSPADGHAVAVWWRQMTKAFMFTTLAGLGALARDYARRDADRELLGAFQTVYQVIGDDLDNAAPEFSAVAPTGPAGIHYVWWDDTIVAPLAAHVTEADRRAAEELPAPVRELLAAMDRLAAEPLGSAVQLRVVETVALDIAVGFRRVYGKVLAGGEPVFGEKDQFAWIDAHIKAETVHAAQVSDDETGMTGLVTDAERGEEFVRLVEEYAGLWSAALECFGDRLTG,0.0,-7.116015434265137,-5.964244842529297,-6.532779693603516,-6.112472534179688,-6.961949348449707,-6.537492370605468
A179R,PLSPLPAVARAELDARTEREIDRARLRRADNGFFRSARDVESVSPADGHAVAVWWRQMTKAFMFTTLAGLGALARDYARRDADRELLGAFQTVYQVIGDDLDNAAPEFSAVAPTGPAGIHYVWWDDTIVAPLAAHVTEADRRAAEELPAPVRELLAAMDRLAAEPLGSAVQLRVVETIRLDIAVGFRRVYGKVLAGGEPVFGEKDQFAWIDAHIKAETVHAAQVSDDETGMTGLVTDAERGEEFVRLVEEYAGLWSAALECFGDRLTG,0.0,-13.223838806152344,-12.91478157043457,-13.641058921813965,-13.260902404785156,-13.186593055725098,-13.245434951782226
A179N,PLSPLPAVARAELDARTEREIDRARLRRADNGFFRSARDVESVSPADGHAVAVWWRQMTKAFMFTTLAGLGALARDYARRDADRELLGAFQTVYQVIGDDLDNAAPEFSAVAPTGPAGIHYVWWDDTIVAPLAAHVTEADRRAAEELPAPVRELLAAMDRLAAEPLGSAVQLRVVETINLDIAVGFRRVYGKVLAGGEPVFGEKDQFAWIDAHIKAETVHAAQVSDDETGMTGLVTDAERGEEFVRLVEEYAGLWSAALECFGDRLTG,0.0,-13.122183799743652,-12.65398406982422,-13.588590621948242,-12.573529243469238,-13.221939086914062,-13.032045364379883
A179D,PLSPLPAVARAELDARTEREIDRARLRRADNGFFRSARDVESVSPADGHAVAVWWRQMTKAFMFTTLAGLGALARDYARRDADRELLGAFQTVYQVIGDDLDNAAPEFSAVAPTGPAGIHYVWWDDTIVAPLAAHVTEADRRAAEELPAPVRELLAAMDRLAAEPLGSAVQLRVVETIDLDIAVGFRRVYGKVLAGGEPVFGEKDQFAWIDAHIKAETVHAAQVSDDETGMTGLVTDAERGEEFVRLVEEYAGLWSAALECFGDRLTG,0.0,-13.487448692321776,-13.373973846435549,-13.351054191589355,-12.633809089660645,-13.574984550476074,-13.28425407409668
A179C,PLSPLPAVARAELDARTEREIDRARLRRADNGFFRSARDVESVSPADGHAVAVWWRQMTKAFMFTTLAGLGALARDYARRDADRELLGAFQTVYQVIGDDLDNAAPEFSAVAPTGPAGIHYVWWDDTIVAPLAAHVTEADRRAAEELPAPVRELLAAMDRLAAEPLGSAVQLRVVETICLDIAVGFRRVYGKVLAGGEPVFGEKDQFAWIDAHIKAETVHAAQVSDDETGMTGLVTDAERGEEFVRLVEEYAGLWSAALECFGDRLTG,0.0,-11.864611625671388,-10.570616722106934,-11.53801727294922,-11.058539390563965,-11.806333541870115,-11.367623710632325
A179Q,PLSPLPAVARAELDARTEREIDRARLRRADNGFFRSARDVESVSPADGHAVAVWWRQMTKAFMFTTLAGLGALARDYARRDADRELLGAFQTVYQVIGDDLDNAAPEFSAVAPTGPAGIHYVWWDDTIVAPLAAHVTEADRRAAEELPAPVRELLAAMDRLAAEPLGSAVQLRVVETIQLDIAVGFRRVYGKVLAGGEPVFGEKDQFAWIDAHIKAETVHAAQVSDDETGMTGLVTDAERGEEFVRLVEEYAGLWSAALECFGDRLTG,0.0,-12.958507537841797,-11.748252868652344,-12.86055850982666,-12.406296730041504,-12.911553382873535,-12.577033805847169
A179E,PLSPLPAVARAELDARTEREIDRARLRRADNGFFRSARDVESVSPADGHAVAVWWRQMTKAFMFTTLAGLGALARDYARRDADRELLGAFQTVYQVIGDDLDNAAPEFSAVAPTGPAGIHYVWWDDTIVAPLAAHVTEADRRAAEELPAPVRELLAAMDRLAAEPLGSAVQLRVVETIELDIAVGFRRVYGKVLAGGEPVFGEKDQFAWIDAHIKAETVHAAQVSDDETGMTGLVTDAERGEEFVRLVEEYAGLWSAALECFGDRLTG,0.0,-12.610716819763184,-11.9302339553833,-12.273508071899414,-11.361032485961914,-12.560736656188965,-12.147245597839355
A179G,PLSPLPAVARAELDARTEREIDRARLRRADNGFFRSARDVESVSPADGHAVAVWWRQMTKAFMFTTLAGLGALARDYARRDADRELLGAFQTVYQVIGDDLDNAAPEFSAVAPTGPAGIHYVWWDDTIVAPLAAHVTEADRRAAEELPAPVRELLAAMDRLAAEPLGSAVQLRVVETIGLDIAVGFRRVYGKVLAGGEPVFGEKDQFAWIDAHIKAETVHAAQVSDDETGMTGLVTDAERGEEFVRLVEEYAGLWSAALECFGDRLTG,0.0,-8.504655838012695,-7.461994647979736,-8.07040786743164,-7.350222110748291,-8.307138442993164,-7.9388837814331055
A179H,PLSPLPAVARAELDARTEREIDRARLRRADNGFFRSARDVESVSPADGHAVAVWWRQMTKAFMFTTLAGLGALARDYARRDADRELLGAFQTVYQVIGDDLDNAAPEFSAVAPTGPAGIHYVWWDDTIVAPLAAHVTEADRRAAEELPAPVRELLAAMDRLAAEPLGSAVQLRVVETIHLDIAVGFRRVYGKVLAGGEPVFGEKDQFAWIDAHIKAETVHAAQVSDDETGMTGLVTDAERGEEFVRLVEEYAGLWSAALECFGDRLTG,0.0,-15.792280197143556,-15.084517478942873,-15.93012237548828,-15.354268074035645,-15.87287139892578,-15.606811904907227
A179I,PLSPLPAVARAELDARTEREIDRARLRRADNGFFRSARDVESVSPADGHAVAVWWRQMTKAFMFTTLAGLGALARDYARRDADRELLGAFQTVYQVIGDDLDNAAPEFSAVAPTGPAGIHYVWWDDTIVAPLAAHVTEADRRAAEELPAPVRELLAAMDRLAAEPLGSAVQLRVVETIILDIAVGFRRVYGKVLAGGEPVFGEKDQFAWIDAHIKAETVHAAQVSDDETGMTGLVTDAERGEEFVRLVEEYAGLWSAALECFGDRLTG,0.0,-11.36940860748291,-10.46527862548828,-11.859060287475586,-10.971118927001951,-11.090569496154783,-11.151087188720703
A179L,PLSPLPAVARAELDARTEREIDRARLRRADNGFFRSARDVESVSPADGHAVAVWWRQMTKAFMFTTLAGLGALARDYARRDADRELLGAFQTVYQVIGDDLDNAAPEFSAVAPTGPAGIHYVWWDDTIVAPLAAHVTEADRRAAEELPAPVRELLAAMDRLAAEPLGSAVQLRVVETILLDIAVGFRRVYGKVLAGGEPVFGEKDQFAWIDAHIKAETVHAAQVSDDETGMTGLVTDAERGEEFVRLVEEYAGLWSAALECFGDRLTG,0.0,-12.371009826660156,-11.670930862426758,-12.738444328308104,-11.945555686950684,-12.214639663696287,-12.188116073608398
A179K,PLSPLPAVARAELDARTEREIDRARLRRADNGFFRSARDVESVSPADGHAVAVWWRQMTKAFMFTTLAGLGALARDYARRDADRELLGAFQTVYQVIGDDLDNAAPEFSAVAPTGPAGIHYVWWDDTIVAPLAAHVTEADRRAAEELPAPVRELLAAMDRLAAEPLGSAVQLRVVETIKLDIAVGFRRVYGKVLAGGEPVFGEKDQFAWIDAHIKAETVHAAQVSDDETGMTGLVTDAERGEEFVRLVEEYAGLWSAALECFGDRLTG,0.0,-14.265064239501951,-13.885377883911133,-14.86623477935791,-14.146963119506836,-14.486696243286133,-14.330067253112793
A179M,PLSPLPAVARAELDARTEREIDRARLRRADNGFFRSARDVESVSPADGHAVAVWWRQMTKAFMFTTLAGLGALARDYARRDADRELLGAFQTVYQVIGDDLDNAAPEFSAVAPTGPAGIHYVWWDDTIVAPLAAHVTEADRRAAEELPAPVRELLAAMDRLAAEPLGSAVQLRVVETIMLDIAVGFRRVYGKVLAGGEPVFGEKDQFAWIDAHIKAETVHAAQVSDDETGMTGLVTDAERGEEFVRLVEEYAGLWSAALECFGDRLTG,0.0,-12.612713813781738,-11.993607521057127,-12.838706970214844,-12.306118965148926,-12.495857238769531,-12.449400901794434
A179F,PLSPLPAVARAELDARTEREIDRARLRRADNGFFRSARDVESVSPADGHAVAVWWRQMTKAFMFTTLAGLGALARDYARRDADRELLGAFQTVYQVIGDDLDNAAPEFSAVAPTGPAGIHYVWWDDTIVAPLAAHVTEADRRAAEELPAPVRELLAAMDRLAAEPLGSAVQLRVVETIFLDIAVGFRRVYGKVLAGGEPVFGEKDQFAWIDAHIKAETVHAAQVSDDETGMTGLVTDAERGEEFVRLVEEYAGLWSAALECFGDRLTG,0.0,-12.840008735656738,-11.892107963562012,-12.897010803222656,-12.242706298828123,-13.108819961547852,-12.596130752563477
A179P,PLSPLPAVARAELDARTEREIDRARLRRADNGFFRSARDVESVSPADGHAVAVWWRQMTKAFMFTTLAGLGALARDYARRDADRELLGAFQTVYQVIGDDLDNAAPEFSAVAPTGPAGIHYVWWDDTIVAPLAAHVTEADRRAAEELPAPVRELLAAMDRLAAEPLGSAVQLRVVETIPLDIAVGFRRVYGKVLAGGEPVFGEKDQFAWIDAHIKAETVHAAQVSDDETGMTGLVTDAERGEEFVRLVEEYAGLWSAALECFGDRLTG,0.0,-11.83073902130127,-11.710000991821287,-12.160531044006348,-11.621427536010742,-12.25025749206543,-11.914591217041016
A179S,PLSPLPAVARAELDARTEREIDRARLRRADNGFFRSARDVESVSPADGHAVAVWWRQMTKAFMFTTLAGLGALARDYARRDADRELLGAFQTVYQVIGDDLDNAAPEFSAVAPTGPAGIHYVWWDDTIVAPLAAHVTEADRRAAEELPAPVRELLAAMDRLAAEPLGSAVQLRVVETISLDIAVGFRRVYGKVLAGGEPVFGEKDQFAWIDAHIKAETVHAAQVSDDETGMTGLVTDAERGEEFVRLVEEYAGLWSAALECFGDRLTG,0.0,-6.485208034515381,-5.1407389640808105,-6.064113616943359,-5.501598834991455,-6.383225440979004,-5.914976978302002
A179T,PLSPLPAVARAELDARTEREIDRARLRRADNGFFRSARDVESVSPADGHAVAVWWRQMTKAFMFTTLAGLGALARDYARRDADRELLGAFQTVYQVIGDDLDNAAPEFSAVAPTGPAGIHYVWWDDTIVAPLAAHVTEADRRAAEELPAPVRELLAAMDRLAAEPLGSAVQLRVVETITLDIAVGFRRVYGKVLAGGEPVFGEKDQFAWIDAHIKAETVHAAQVSDDETGMTGLVTDAERGEEFVRLVEEYAGLWSAALECFGDRLTG,0.0,-7.858850955963135,-6.988410949707031,-7.812401294708252,-7.219935894012451,-7.645295143127441,-7.504978847503662
A179W,PLSPLPAVARAELDARTEREIDRARLRRADNGFFRSARDVESVSPADGHAVAVWWRQMTKAFMFTTLAGLGALARDYARRDADRELLGAFQTVYQVIGDDLDNAAPEFSAVAPTGPAGIHYVWWDDTIVAPLAAHVTEADRRAAEELPAPVRELLAAMDRLAAEPLGSAVQLRVVETIWLDIAVGFRRVYGKVLAGGEPVFGEKDQFAWIDAHIKAETVHAAQVSDDETGMTGLVTDAERGEEFVRLVEEYAGLWSAALECFGDRLTG,0.0,-16.34963035583496,-15.744556427001951,-16.299299240112305,-16.14798927307129,-16.583377838134766,-16.224970626831055
A179Y,PLSPLPAVARAELDARTEREIDRARLRRADNGFFRSARDVESVSPADGHAVAVWWRQMTKAFMFTTLAGLGALARDYARRDADRELLGAFQTVYQVIGDDLDNAAPEFSAVAPTGPAGIHYVWWDDTIVAPLAAHVTEADRRAAEELPAPVRELLAAMDRLAAEPLGSAVQLRVVETIYLDIAVGFRRVYGKVLAGGEPVFGEKDQFAWIDAHIKAETVHAAQVSDDETGMTGLVTDAERGEEFVRLVEEYAGLWSAALECFGDRLTG,0.0,-14.851476669311523,-14.080089569091797,-14.83542251586914,-14.651901245117188,-15.204096794128418,-14.724597358703614
A179V,PLSPLPAVARAELDARTEREIDRARLRRADNGFFRSARDVESVSPADGHAVAVWWRQMTKAFMFTTLAGLGALARDYARRDADRELLGAFQTVYQVIGDDLDNAAPEFSAVAPTGPAGIHYVWWDDTIVAPLAAHVTEADRRAAEELPAPVRELLAAMDRLAAEPLGSAVQLRVVETIVLDIAVGFRRVYGKVLAGGEPVFGEKDQFAWIDAHIKAETVHAAQVSDDETGMTGLVTDAERGEEFVRLVEEYAGLWSAALECFGDRLTG,0.0,-7.929621696472168,-7.38166618347168,-8.21670150756836,-7.458432674407959,-7.772914886474609,-7.751867389678955
I182A,PLSPLPAVARAELDARTEREIDRARLRRADNGFFRSARDVESVSPADGHAVAVWWRQMTKAFMFTTLAGLGALARDYARRDADRELLGAFQTVYQVIGDDLDNAAPEFSAVAPTGPAGIHYVWWDDTIVAPLAAHVTEADRRAAEELPAPVRELLAAMDRLAAEPLGSAVQLRVVETIALDAAVGFRRVYGKVLAGGEPVFGEKDQFAWIDAHIKAETVHAAQVSDDETGMTGLVTDAERGEEFVRLVEEYAGLWSAALECFGDRLTG,0.0,-13.058691024780272,-11.94465446472168,-12.593295097351074,-12.222537994384766,-12.750508308410645,-12.513937377929688
I182R,PLSPLPAVARAELDARTEREIDRARLRRADNGFFRSARDVESVSPADGHAVAVWWRQMTKAFMFTTLAGLGALARDYARRDADRELLGAFQTVYQVIGDDLDNAAPEFSAVAPTGPAGIHYVWWDDTIVAPLAAHVTEADRRAAEELPAPVRELLAAMDRLAAEPLGSAVQLRVVETIALDRAVGFRRVYGKVLAGGEPVFGEKDQFAWIDAHIKAETVHAAQVSDDETGMTGLVTDAERGEEFVRLVEEYAGLWSAALECFGDRLTG,0.0,-13.871637344360352,-13.758607864379885,-14.538737297058104,-14.448802947998049,-14.104619979858398,-14.144481086730957
I182N,PLSPLPAVARAELDARTEREIDRARLRRADNGFFRSARDVESVSPADGHAVAVWWRQMTKAFMFTTLAGLGALARDYARRDADRELLGAFQTVYQVIGDDLDNAAPEFSAVAPTGPAGIHYVWWDDTIVAPLAAHVTEADRRAAEELPAPVRELLAAMDRLAAEPLGSAVQLRVVETIALDNAVGFRRVYGKVLAGGEPVFGEKDQFAWIDAHIKAETVHAAQVSDDETGMTGLVTDAERGEEFVRLVEEYAGLWSAALECFGDRLTG,0.0,-13.207479476928713,-13.066136360168455,-13.576642990112305,-13.447248458862305,-13.253968238830566,-13.310295104980469
I182D,PLSPLPAVARAELDARTEREIDRARLRRADNGFFRSARDVESVSPADGHAVAVWWRQMTKAFMFTTLAGLGALARDYARRDADRELLGAFQTVYQVIGDDLDNAAPEFSAVAPTGPAGIHYVWWDDTIVAPLAAHVTEADRRAAEELPAPVRELLAAMDRLAAEPLGSAVQLRVVETIALDDAVGFRRVYGKVLAGGEPVFGEKDQFAWIDAHIKAETVHAAQVSDDETGMTGLVTDAERGEEFVRLVEEYAGLWSAALECFGDRLTG,0.0,-17.206928253173828,-17.135196685791016,-17.306198120117188,-16.89881134033203,-17.131301879882812,-17.135687255859374
I182C,PLSPLPAVARAELDARTEREIDRARLRRADNGFFRSARDVESVSPADGHAVAVWWRQMTKAFMFTTLAGLGALARDYARRDADRELLGAFQTVYQVIGDDLDNAAPEFSAVAPTGPAGIHYVWWDDTIVAPLAAHVTEADRRAAEELPAPVRELLAAMDRLAAEPLGSAVQLRVVETIALDCAVGFRRVYGKVLAGGEPVFGEKDQFAWIDAHIKAETVHAAQVSDDETGMTGLVTDAERGEEFVRLVEEYAGLWSAALECFGDRLTG,0.0,-15.147873878479004,-13.775775909423828,-14.59135627746582,-14.505189895629885,-14.952106475830078,-14.594460487365723
I182Q,PLSPLPAVARAELDARTEREIDRARLRRADNGFFRSARDVESVSPADGHAVAVWWRQMTKAFMFTTLAGLGALARDYARRDADRELLGAFQTVYQVIGDDLDNAAPEFSAVAPTGPAGIHYVWWDDTIVAPLAAHVTEADRRAAEELPAPVRELLAAMDRLAAEPLGSAVQLRVVETIALDQAVGFRRVYGKVLAGGEPVFGEKDQFAWIDAHIKAETVHAAQVSDDETGMTGLVTDAERGEEFVRLVEEYAGLWSAALECFGDRLTG,0.0,-15.52757740020752,-13.892980575561523,-15.350919723510742,-14.788086891174316,-15.309308052062988,-14.973774528503418
I182E,PLSPLPAVARAELDARTEREIDRARLRRADNGFFRSARDVESVSPADGHAVAVWWRQMTKAFMFTTLAGLGALARDYARRDADRELLGAFQTVYQVIGDDLDNAAPEFSAVAPTGPAGIHYVWWDDTIVAPLAAHVTEADRRAAEELPAPVRELLAAMDRLAAEPLGSAVQLRVVETIALDEAVGFRRVYGKVLAGGEPVFGEKDQFAWIDAHIKAETVHAAQVSDDETGMTGLVTDAERGEEFVRLVEEYAGLWSAALECFGDRLTG,0.0,-17.159090042114258,-16.6445255279541,-17.404537200927734,-16.546611785888672,-17.043930053710938,-16.95973892211914
I182G,PLSPLPAVARAELDARTEREIDRARLRRADNGFFRSARDVESVSPADGHAVAVWWRQMTKAFMFTTLAGLGALARDYARRDADRELLGAFQTVYQVIGDDLDNAAPEFSAVAPTGPAGIHYVWWDDTIVAPLAAHVTEADRRAAEELPAPVRELLAAMDRLAAEPLGSAVQLRVVETIALDGAVGFRRVYGKVLAGGEPVFGEKDQFAWIDAHIKAETVHAAQVSDDETGMTGLVTDAERGEEFVRLVEEYAGLWSAALECFGDRLTG,0.0,-14.999731063842772,-14.790781021118164,-15.327792167663574,-14.771817207336426,-14.999491691589355,-14.977922630310058
I182H,PLSPLPAVARAELDARTEREIDRARLRRADNGFFRSARDVESVSPADGHAVAVWWRQMTKAFMFTTLAGLGALARDYARRDADRELLGAFQTVYQVIGDDLDNAAPEFSAVAPTGPAGIHYVWWDDTIVAPLAAHVTEADRRAAEELPAPVRELLAAMDRLAAEPLGSAVQLRVVETIALDHAVGFRRVYGKVLAGGEPVFGEKDQFAWIDAHIKAETVHAAQVSDDETGMTGLVTDAERGEEFVRLVEEYAGLWSAALECFGDRLTG,0.0,-16.80445671081543,-16.022098541259766,-16.688596725463867,-16.558303833007812,-16.710647583007812,-16.556820678710938
I182L,PLSPLPAVARAELDARTEREIDRARLRRADNGFFRSARDVESVSPADGHAVAVWWRQMTKAFMFTTLAGLGALARDYARRDADRELLGAFQTVYQVIGDDLDNAAPEFSAVAPTGPAGIHYVWWDDTIVAPLAAHVTEADRRAAEELPAPVRELLAAMDRLAAEPLGSAVQLRVVETIALDLAVGFRRVYGKVLAGGEPVFGEKDQFAWIDAHIKAETVHAAQVSDDETGMTGLVTDAERGEEFVRLVEEYAGLWSAALECFGDRLTG,0.0,-7.715255260467529,-6.982118129730225,-7.660935878753662,-7.242812156677246,-7.779850959777832,-7.4761944770812985
I182K,PLSPLPAVARAELDARTEREIDRARLRRADNGFFRSARDVESVSPADGHAVAVWWRQMTKAFMFTTLAGLGALARDYARRDADRELLGAFQTVYQVIGDDLDNAAPEFSAVAPTGPAGIHYVWWDDTIVAPLAAHVTEADRRAAEELPAPVRELLAAMDRLAAEPLGSAVQLRVVETIALDKAVGFRRVYGKVLAGGEPVFGEKDQFAWIDAHIKAETVHAAQVSDDETGMTGLVTDAERGEEFVRLVEEYAGLWSAALECFGDRLTG,0.0,-13.946249961853027,-13.775313377380373,-14.875062942504885,-14.375755310058594,-14.379071235656738,-14.270290565490722
I182M,PLSPLPAVARAELDARTEREIDRARLRRADNGFFRSARDVESVSPADGHAVAVWWRQMTKAFMFTTLAGLGALARDYARRDADRELLGAFQTVYQVIGDDLDNAAPEFSAVAPTGPAGIHYVWWDDTIVAPLAAHVTEADRRAAEELPAPVRELLAAMDRLAAEPLGSAVQLRVVETIALDMAVGFRRVYGKVLAGGEPVFGEKDQFAWIDAHIKAETVHAAQVSDDETGMTGLVTDAERGEEFVRLVEEYAGLWSAALECFGDRLTG,0.0,-8.732942581176758,-7.762040138244629,-9.17168426513672,-8.630781173706055,-8.557563781738281,-8.571002388000489
I182F,PLSPLPAVARAELDARTEREIDRARLRRADNGFFRSARDVESVSPADGHAVAVWWRQMTKAFMFTTLAGLGALARDYARRDADRELLGAFQTVYQVIGDDLDNAAPEFSAVAPTGPAGIHYVWWDDTIVAPLAAHVTEADRRAAEELPAPVRELLAAMDRLAAEPLGSAVQLRVVETIALDFAVGFRRVYGKVLAGGEPVFGEKDQFAWIDAHIKAETVHAAQVSDDETGMTGLVTDAERGEEFVRLVEEYAGLWSAALECFGDRLTG,0.0,-10.66446304321289,-10.191038131713867,-11.040993690490724,-10.344727516174316,-10.700109481811523,-10.588266372680664
I182P,PLSPLPAVARAELDARTEREIDRARLRRADNGFFRSARDVESVSPADGHAVAVWWRQMTKAFMFTTLAGLGALARDYARRDADRELLGAFQTVYQVIGDDLDNAAPEFSAVAPTGPAGIHYVWWDDTIVAPLAAHVTEADRRAAEELPAPVRELLAAMDRLAAEPLGSAVQLRVVETIALDPAVGFRRVYGKVLAGGEPVFGEKDQFAWIDAHIKAETVHAAQVSDDETGMTGLVTDAERGEEFVRLVEEYAGLWSAALECFGDRLTG,0.0,-15.136752128601074,-14.33869171142578,-15.050716400146484,-14.752585411071776,-15.264317512512209,-14.908612632751465
I182S,PLSPLPAVARAELDARTEREIDRARLRRADNGFFRSARDVESVSPADGHAVAVWWRQMTKAFMFTTLAGLGALARDYARRDADRELLGAFQTVYQVIGDDLDNAAPEFSAVAPTGPAGIHYVWWDDTIVAPLAAHVTEADRRAAEELPAPVRELLAAMDRLAAEPLGSAVQLRVVETIALDSAVGFRRVYGKVLAGGEPVFGEKDQFAWIDAHIKAETVHAAQVSDDETGMTGLVTDAERGEEFVRLVEEYAGLWSAALECFGDRLTG,0.0,-13.364982604980469,-13.062758445739746,-13.605493545532228,-13.365426063537598,-13.456618309020996,-13.371055793762206
I182T,PLSPLPAVARAELDARTEREIDRARLRRADNGFFRSARDVESVSPADGHAVAVWWRQMTKAFMFTTLAGLGALARDYARRDADRELLGAFQTVYQVIGDDLDNAAPEFSAVAPTGPAGIHYVWWDDTIVAPLAAHVTEADRRAAEELPAPVRELLAAMDRLAAEPLGSAVQLRVVETIALDTAVGFRRVYGKVLAGGEPVFGEKDQFAWIDAHIKAETVHAAQVSDDETGMTGLVTDAERGEEFVRLVEEYAGLWSAALECFGDRLTG,0.0,-11.923051834106444,-11.134405136108398,-11.781210899353027,-11.605220794677734,-11.837583541870115,-11.656294441223144
I182W,PLSPLPAVARAELDARTEREIDRARLRRADNGFFRSARDVESVSPADGHAVAVWWRQMTKAFMFTTLAGLGALARDYARRDADRELLGAFQTVYQVIGDDLDNAAPEFSAVAPTGPAGIHYVWWDDTIVAPLAAHVTEADRRAAEELPAPVRELLAAMDRLAAEPLGSAVQLRVVETIALDWAVGFRRVYGKVLAGGEPVFGEKDQFAWIDAHIKAETVHAAQVSDDETGMTGLVTDAERGEEFVRLVEEYAGLWSAALECFGDRLTG,0.0,-18.288991928100582,-17.888652801513672,-18.65721893310547,-18.36956214904785,-18.403602600097656,-18.321605682373047
I182Y,PLSPLPAVARAELDARTEREIDRARLRRADNGFFRSARDVESVSPADGHAVAVWWRQMTKAFMFTTLAGLGALARDYARRDADRELLGAFQTVYQVIGDDLDNAAPEFSAVAPTGPAGIHYVWWDDTIVAPLAAHVTEADRRAAEELPAPVRELLAAMDRLAAEPLGSAVQLRVVETIALDYAVGFRRVYGKVLAGGEPVFGEKDQFAWIDAHIKAETVHAAQVSDDETGMTGLVTDAERGEEFVRLVEEYAGLWSAALECFGDRLTG,0.0,-15.11246109008789,-14.343412399291992,-15.215872764587402,-14.951393127441406,-15.198915481567385,-14.964410972595214
I182V,PLSPLPAVARAELDARTEREIDRARLRRADNGFFRSARDVESVSPADGHAVAVWWRQMTKAFMFTTLAGLGALARDYARRDADRELLGAFQTVYQVIGDDLDNAAPEFSAVAPTGPAGIHYVWWDDTIVAPLAAHVTEADRRAAEELPAPVRELLAAMDRLAAEPLGSAVQLRVVETIALDVAVGFRRVYGKVLAGGEPVFGEKDQFAWIDAHIKAETVHAAQVSDDETGMTGLVTDAERGEEFVRLVEEYAGLWSAALECFGDRLTG,0.0,-7.236144065856934,-6.0645527839660645,-6.525335311889648,-6.152260780334473,-6.974859714508057,-6.590630531311035
A183R,PLSPLPAVARAELDARTEREIDRARLRRADNGFFRSARDVESVSPADGHAVAVWWRQMTKAFMFTTLAGLGALARDYARRDADRELLGAFQTVYQVIGDDLDNAAPEFSAVAPTGPAGIHYVWWDDTIVAPLAAHVTEADRRAAEELPAPVRELLAAMDRLAAEPLGSAVQLRVVETIALDIRVGFRRVYGKVLAGGEPVFGEKDQFAWIDAHIKAETVHAAQVSDDETGMTGLVTDAERGEEFVRLVEEYAGLWSAALECFGDRLTG,0.0,-13.181680679321287,-13.478062629699709,-13.64020538330078,-13.162609100341797,-13.301189422607422,-13.352749443054199
A183N,PLSPLPAVARAELDARTEREIDRARLRRADNGFFRSARDVESVSPADGHAVAVWWRQMTKAFMFTTLAGLGALARDYARRDADRELLGAFQTVYQVIGDDLDNAAPEFSAVAPTGPAGIHYVWWDDTIVAPLAAHVTEADRRAAEELPAPVRELLAAMDRLAAEPLGSAVQLRVVETIALDINVGFRRVYGKVLAGGEPVFGEKDQFAWIDAHIKAETVHAAQVSDDETGMTGLVTDAERGEEFVRLVEEYAGLWSAALECFGDRLTG,0.0,-12.490758895874023,-12.785551071166992,-13.088977813720703,-11.893797874450684,-12.924165725708008,-12.636650276184081
A183D,PLSPLPAVARAELDARTEREIDRARLRRADNGFFRSARDVESVSPADGHAVAVWWRQMTKAFMFTTLAGLGALARDYARRDADRELLGAFQTVYQVIGDDLDNAAPEFSAVAPTGPAGIHYVWWDDTIVAPLAAHVTEADRRAAEELPAPVRELLAAMDRLAAEPLGSAVQLRVVETIALDIDVGFRRVYGKVLAGGEPVFGEKDQFAWIDAHIKAETVHAAQVSDDETGMTGLVTDAERGEEFVRLVEEYAGLWSAALECFGDRLTG,0.0,-13.227848052978516,-13.37730884552002,-13.375411987304688,-12.691106796264648,-13.293724060058594,-13.193079948425293
A183C,PLSPLPAVARAELDARTEREIDRARLRRADNGFFRSARDVESVSPADGHAVAVWWRQMTKAFMFTTLAGLGALARDYARRDADRELLGAFQTVYQVIGDDLDNAAPEFSAVAPTGPAGIHYVWWDDTIVAPLAAHVTEADRRAAEELPAPVRELLAAMDRLAAEPLGSAVQLRVVETIALDICVGFRRVYGKVLAGGEPVFGEKDQFAWIDAHIKAETVHAAQVSDDETGMTGLVTDAERGEEFVRLVEEYAGLWSAALECFGDRLTG,0.0,-11.800314903259276,-10.914291381835938,-11.540386199951172,-11.33500862121582,-11.921817779541016,-11.502363777160644
A183Q,PLSPLPAVARAELDARTEREIDRARLRRADNGFFRSARDVESVSPADGHAVAVWWRQMTKAFMFTTLAGLGALARDYARRDADRELLGAFQTVYQVIGDDLDNAAPEFSAVAPTGPAGIHYVWWDDTIVAPLAAHVTEADRRAAEELPAPVRELLAAMDRLAAEPLGSAVQLRVVETIALDIQVGFRRVYGKVLAGGEPVFGEKDQFAWIDAHIKAETVHAAQVSDDETGMTGLVTDAERGEEFVRLVEEYAGLWSAALECFGDRLTG,0.0,-13.025343894958496,-12.26337718963623,-12.616694450378418,-11.820865631103516,-12.891467094421388,-12.523549652099609
A183E,PLSPLPAVARAELDARTEREIDRARLRRADNGFFRSARDVESVSPADGHAVAVWWRQMTKAFMFTTLAGLGALARDYARRDADRELLGAFQTVYQVIGDDLDNAAPEFSAVAPTGPAGIHYVWWDDTIVAPLAAHVTEADRRAAEELPAPVRELLAAMDRLAAEPLGSAVQLRVVETIALDIEVGFRRVYGKVLAGGEPVFGEKDQFAWIDAHIKAETVHAAQVSDDETGMTGLVTDAERGEEFVRLVEEYAGLWSAALECFGDRLTG,0.0,-12.626940727233888,-12.261208534240724,-12.586119651794434,-11.57083797454834,-12.543831825256348,-12.317787742614746
A183G,PLSPLPAVARAELDARTEREIDRARLRRADNGFFRSARDVESVSPADGHAVAVWWRQMTKAFMFTTLAGLGALARDYARRDADRELLGAFQTVYQVIGDDLDNAAPEFSAVAPTGPAGIHYVWWDDTIVAPLAAHVTEADRRAAEELPAPVRELLAAMDRLAAEPLGSAVQLRVVETIALDIGVGFRRVYGKVLAGGEPVFGEKDQFAWIDAHIKAETVHAAQVSDDETGMTGLVTDAERGEEFVRLVEEYAGLWSAALECFGDRLTG,0.0,-8.830512046813965,-8.002616882324219,-8.455511093139648,-7.992786884307861,-8.733771324157715,-8.403039646148681
A183H,PLSPLPAVARAELDARTEREIDRARLRRADNGFFRSARDVESVSPADGHAVAVWWRQMTKAFMFTTLAGLGALARDYARRDADRELLGAFQTVYQVIGDDLDNAAPEFSAVAPTGPAGIHYVWWDDTIVAPLAAHVTEADRRAAEELPAPVRELLAAMDRLAAEPLGSAVQLRVVETIALDIHVGFRRVYGKVLAGGEPVFGEKDQFAWIDAHIKAETVHAAQVSDDETGMTGLVTDAERGEEFVRLVEEYAGLWSAALECFGDRLTG,0.0,-15.683505058288574,-15.510159492492676,-15.80856704711914,-15.063516616821287,-15.780191421508787,-15.569187927246094
A183I,PLSPLPAVARAELDARTEREIDRARLRRADNGFFRSARDVESVSPADGHAVAVWWRQMTKAFMFTTLAGLGALARDYARRDADRELLGAFQTVYQVIGDDLDNAAPEFSAVAPTGPAGIHYVWWDDTIVAPLAAHVTEADRRAAEELPAPVRELLAAMDRLAAEPLGSAVQLRVVETIALDIIVGFRRVYGKVLAGGEPVFGEKDQFAWIDAHIKAETVHAAQVSDDETGMTGLVTDAERGEEFVRLVEEYAGLWSAALECFGDRLTG,0.0,-10.926844596862791,-10.661735534667969,-11.31700611114502,-10.82884693145752,-10.928421020507812,-10.932570838928223
A183L,PLSPLPAVARAELDARTEREIDRARLRRADNGFFRSARDVESVSPADGHAVAVWWRQMTKAFMFTTLAGLGALARDYARRDADRELLGAFQTVYQVIGDDLDNAAPEFSAVAPTGPAGIHYVWWDDTIVAPLAAHVTEADRRAAEELPAPVRELLAAMDRLAAEPLGSAVQLRVVETIALDILVGFRRVYGKVLAGGEPVFGEKDQFAWIDAHIKAETVHAAQVSDDETGMTGLVTDAERGEEFVRLVEEYAGLWSAALECFGDRLTG,0.0,-12.320623397827148,-12.233278274536133,-12.73963737487793,-11.991412162780762,-12.206652641296388,-12.298320770263672
A183K,PLSPLPAVARAELDARTEREIDRARLRRADNGFFRSARDVESVSPADGHAVAVWWRQMTKAFMFTTLAGLGALARDYARRDADRELLGAFQTVYQVIGDDLDNAAPEFSAVAPTGPAGIHYVWWDDTIVAPLAAHVTEADRRAAEELPAPVRELLAAMDRLAAEPLGSAVQLRVVETIALDIKVGFRRVYGKVLAGGEPVFGEKDQFAWIDAHIKAETVHAAQVSDDETGMTGLVTDAERGEEFVRLVEEYAGLWSAALECFGDRLTG,0.0,-14.045214653015137,-14.042670249938965,-14.598052978515623,-13.759441375732422,-14.176203727722168,-14.124316596984864
A183M,PLSPLPAVARAELDARTEREIDRARLRRADNGFFRSARDVESVSPADGHAVAVWWRQMTKAFMFTTLAGLGALARDYARRDADRELLGAFQTVYQVIGDDLDNAAPEFSAVAPTGPAGIHYVWWDDTIVAPLAAHVTEADRRAAEELPAPVRELLAAMDRLAAEPLGSAVQLRVVETIALDIMVGFRRVYGKVLAGGEPVFGEKDQFAWIDAHIKAETVHAAQVSDDETGMTGLVTDAERGEEFVRLVEEYAGLWSAALECFGDRLTG,0.0,-12.30965805053711,-12.298089027404783,-12.672992706298828,-12.083112716674805,-12.39296054840088,-12.351362609863282
A183F,PLSPLPAVARAELDARTEREIDRARLRRADNGFFRSARDVESVSPADGHAVAVWWRQMTKAFMFTTLAGLGALARDYARRDADRELLGAFQTVYQVIGDDLDNAAPEFSAVAPTGPAGIHYVWWDDTIVAPLAAHVTEADRRAAEELPAPVRELLAAMDRLAAEPLGSAVQLRVVETIALDIFVGFRRVYGKVLAGGEPVFGEKDQFAWIDAHIKAETVHAAQVSDDETGMTGLVTDAERGEEFVRLVEEYAGLWSAALECFGDRLTG,0.0,-13.527140617370604,-12.827438354492188,-13.600377082824709,-12.869514465332031,-13.48954963684082,-13.26280403137207
A183P,PLSPLPAVARAELDARTEREIDRARLRRADNGFFRSARDVESVSPADGHAVAVWWRQMTKAFMFTTLAGLGALARDYARRDADRELLGAFQTVYQVIGDDLDNAAPEFSAVAPTGPAGIHYVWWDDTIVAPLAAHVTEADRRAAEELPAPVRELLAAMDRLAAEPLGSAVQLRVVETIALDIPVGFRRVYGKVLAGGEPVFGEKDQFAWIDAHIKAETVHAAQVSDDETGMTGLVTDAERGEEFVRLVEEYAGLWSAALECFGDRLTG,0.0,-11.677352905273438,-11.97402000427246,-11.96589469909668,-11.919960021972656,-12.27379322052002,-11.96220417022705
A183S,PLSPLPAVARAELDARTEREIDRARLRRADNGFFRSARDVESVSPADGHAVAVWWRQMTKAFMFTTLAGLGALARDYARRDADRELLGAFQTVYQVIGDDLDNAAPEFSAVAPTGPAGIHYVWWDDTIVAPLAAHVTEADRRAAEELPAPVRELLAAMDRLAAEPLGSAVQLRVVETIALDISVGFRRVYGKVLAGGEPVFGEKDQFAWIDAHIKAETVHAAQVSDDETGMTGLVTDAERGEEFVRLVEEYAGLWSAALECFGDRLTG,0.0,-6.164973735809326,-5.739222049713135,-6.042981624603272,-5.12917423248291,-6.480499744415283,-5.911370277404785
A183T,PLSPLPAVARAELDARTEREIDRARLRRADNGFFRSARDVESVSPADGHAVAVWWRQMTKAFMFTTLAGLGALARDYARRDADRELLGAFQTVYQVIGDDLDNAAPEFSAVAPTGPAGIHYVWWDDTIVAPLAAHVTEADRRAAEELPAPVRELLAAMDRLAAEPLGSAVQLRVVETIALDITVGFRRVYGKVLAGGEPVFGEKDQFAWIDAHIKAETVHAAQVSDDETGMTGLVTDAERGEEFVRLVEEYAGLWSAALECFGDRLTG,0.0,-5.953728675842285,-6.801414012908936,-6.771753311157227,-5.606971740722656,-7.076307773590088,-6.442035102844239
A183W,PLSPLPAVARAELDARTEREIDRARLRRADNGFFRSARDVESVSPADGHAVAVWWRQMTKAFMFTTLAGLGALARDYARRDADRELLGAFQTVYQVIGDDLDNAAPEFSAVAPTGPAGIHYVWWDDTIVAPLAAHVTEADRRAAEELPAPVRELLAAMDRLAAEPLGSAVQLRVVETIALDIWVGFRRVYGKVLAGGEPVFGEKDQFAWIDAHIKAETVHAAQVSDDETGMTGLVTDAERGEEFVRLVEEYAGLWSAALECFGDRLTG,0.0,-16.613018035888672,-16.336380004882812,-16.634998321533203,-16.230998992919922,-16.609081268310547,-16.484895324707033
A183Y,PLSPLPAVARAELDARTEREIDRARLRRADNGFFRSARDVESVSPADGHAVAVWWRQMTKAFMFTTLAGLGALARDYARRDADRELLGAFQTVYQVIGDDLDNAAPEFSAVAPTGPAGIHYVWWDDTIVAPLAAHVTEADRRAAEELPAPVRELLAAMDRLAAEPLGSAVQLRVVETIALDIYVGFRRVYGKVLAGGEPVFGEKDQFAWIDAHIKAETVHAAQVSDDETGMTGLVTDAERGEEFVRLVEEYAGLWSAALECFGDRLTG,0.0,-15.368226051330566,-14.78569507598877,-15.264631271362305,-14.920889854431152,-15.295573234558104,-15.12700309753418
A183V,PLSPLPAVARAELDARTEREIDRARLRRADNGFFRSARDVESVSPADGHAVAVWWRQMTKAFMFTTLAGLGALARDYARRDADRELLGAFQTVYQVIGDDLDNAAPEFSAVAPTGPAGIHYVWWDDTIVAPLAAHVTEADRRAAEELPAPVRELLAAMDRLAAEPLGSAVQLRVVETIALDIVVGFRRVYGKVLAGGEPVFGEKDQFAWIDAHIKAETVHAAQVSDDETGMTGLVTDAERGEEFVRLVEEYAGLWSAALECFGDRLTG,0.0,-7.384646892547607,-7.140721321105957,-7.874989986419678,-7.28032636642456,-7.2711181640625,-7.390360546112061
W209A,PLSPLPAVARAELDARTEREIDRARLRRADNGFFRSARDVESVSPADGHAVAVWWRQMTKAFMFTTLAGLGALARDYARRDADRELLGAFQTVYQVIGDDLDNAAPEFSAVAPTGPAGIHYVWWDDTIVAPLAAHVTEADRRAAEELPAPVRELLAAMDRLAAEPLGSAVQLRVVETIALDIAVGFRRVYGKVLAGGEPVFGEKDQFAAIDAHIKAETVHAAQVSDDETGMTGLVTDAERGEEFVRLVEEYAGLWSAALECFGDRLTG,0.0,-13.512357711791992,-12.607769012451172,-13.055420875549316,-12.914909362792969,-13.309173583984377,-13.079926109313964
W209R,PLSPLPAVARAELDARTEREIDRARLRRADNGFFRSARDVESVSPADGHAVAVWWRQMTKAFMFTTLAGLGALARDYARRDADRELLGAFQTVYQVIGDDLDNAAPEFSAVAPTGPAGIHYVWWDDTIVAPLAAHVTEADRRAAEELPAPVRELLAAMDRLAAEPLGSAVQLRVVETIALDIAVGFRRVYGKVLAGGEPVFGEKDQFARIDAHIKAETVHAAQVSDDETGMTGLVTDAERGEEFVRLVEEYAGLWSAALECFGDRLTG,0.0,-10.922075271606444,-11.064208030700684,-11.222786903381348,-11.275315284729004,-11.149005889892578,-11.126678276062012
W209N,PLSPLPAVARAELDARTEREIDRARLRRADNGFFRSARDVESVSPADGHAVAVWWRQMTKAFMFTTLAGLGALARDYARRDADRELLGAFQTVYQVIGDDLDNAAPEFSAVAPTGPAGIHYVWWDDTIVAPLAAHVTEADRRAAEELPAPVRELLAAMDRLAAEPLGSAVQLRVVETIALDIAVGFRRVYGKVLAGGEPVFGEKDQFANIDAHIKAETVHAAQVSDDETGMTGLVTDAERGEEFVRLVEEYAGLWSAALECFGDRLTG,0.0,-16.017107009887695,-15.702667236328123,-16.108814239501953,-15.756641387939451,-16.096519470214844,-15.936349868774414
W209D,PLSPLPAVARAELDARTEREIDRARLRRADNGFFRSARDVESVSPADGHAVAVWWRQMTKAFMFTTLAGLGALARDYARRDADRELLGAFQTVYQVIGDDLDNAAPEFSAVAPTGPAGIHYVWWDDTIVAPLAAHVTEADRRAAEELPAPVRELLAAMDRLAAEPLGSAVQLRVVETIALDIAVGFRRVYGKVLAGGEPVFGEKDQFADIDAHIKAETVHAAQVSDDETGMTGLVTDAERGEEFVRLVEEYAGLWSAALECFGDRLTG,0.0,-16.46489143371582,-16.0340576171875,-16.019207000732422,-15.895801544189451,-16.235740661621094,-16.12993965148926
W209C,PLSPLPAVARAELDARTEREIDRARLRRADNGFFRSARDVESVSPADGHAVAVWWRQMTKAFMFTTLAGLGALARDYARRDADRELLGAFQTVYQVIGDDLDNAAPEFSAVAPTGPAGIHYVWWDDTIVAPLAAHVTEADRRAAEELPAPVRELLAAMDRLAAEPLGSAVQLRVVETIALDIAVGFRRVYGKVLAGGEPVFGEKDQFACIDAHIKAETVHAAQVSDDETGMTGLVTDAERGEEFVRLVEEYAGLWSAALECFGDRLTG,0.0,-12.92031955718994,-12.751617431640623,-12.821706771850586,-13.114288330078123,-13.020366668701172,-12.92565975189209
W209Q,PLSPLPAVARAELDARTEREIDRARLRRADNGFFRSARDVESVSPADGHAVAVWWRQMTKAFMFTTLAGLGALARDYARRDADRELLGAFQTVYQVIGDDLDNAAPEFSAVAPTGPAGIHYVWWDDTIVAPLAAHVTEADRRAAEELPAPVRELLAAMDRLAAEPLGSAVQLRVVETIALDIAVGFRRVYGKVLAGGEPVFGEKDQFAQIDAHIKAETVHAAQVSDDETGMTGLVTDAERGEEFVRLVEEYAGLWSAALECFGDRLTG,0.0,-13.32948398590088,-12.44709014892578,-13.057064056396484,-12.737353324890137,-13.14813995361328,-12.943826293945312
W209E,PLSPLPAVARAELDARTEREIDRARLRRADNGFFRSARDVESVSPADGHAVAVWWRQMTKAFMFTTLAGLGALARDYARRDADRELLGAFQTVYQVIGDDLDNAAPEFSAVAPTGPAGIHYVWWDDTIVAPLAAHVTEADRRAAEELPAPVRELLAAMDRLAAEPLGSAVQLRVVETIALDIAVGFRRVYGKVLAGGEPVFGEKDQFAEIDAHIKAETVHAAQVSDDETGMTGLVTDAERGEEFVRLVEEYAGLWSAALECFGDRLTG,0.0,-16.073753356933594,-15.369433403015137,-15.704485893249512,-15.177094459533691,-15.791792869567873,-15.623311996459961
W209G,PLSPLPAVARAELDARTEREIDRARLRRADNGFFRSARDVESVSPADGHAVAVWWRQMTKAFMFTTLAGLGALARDYARRDADRELLGAFQTVYQVIGDDLDNAAPEFSAVAPTGPAGIHYVWWDDTIVAPLAAHVTEADRRAAEELPAPVRELLAAMDRLAAEPLGSAVQLRVVETIALDIAVGFRRVYGKVLAGGEPVFGEKDQFAGIDAHIKAETVHAAQVSDDETGMTGLVTDAERGEEFVRLVEEYAGLWSAALECFGDRLTG,0.0,-12.722399711608888,-12.249855995178224,-12.557109832763672,-12.254448890686035,-12.574335098266602,-12.471629905700684
W209H,PLSPLPAVARAELDARTEREIDRARLRRADNGFFRSARDVESVSPADGHAVAVWWRQMTKAFMFTTLAGLGALARDYARRDADRELLGAFQTVYQVIGDDLDNAAPEFSAVAPTGPAGIHYVWWDDTIVAPLAAHVTEADRRAAEELPAPVRELLAAMDRLAAEPLGSAVQLRVVETIALDIAVGFRRVYGKVLAGGEPVFGEKDQFAHIDAHIKAETVHAAQVSDDETGMTGLVTDAERGEEFVRLVEEYAGLWSAALECFGDRLTG,0.0,-14.330984115600586,-13.415326118469238,-13.77953052520752,-13.90554428100586,-14.20864200592041,-13.928005409240722
W209I,PLSPLPAVARAELDARTEREIDRARLRRADNGFFRSARDVESVSPADGHAVAVWWRQMTKAFMFTTLAGLGALARDYARRDADRELLGAFQTVYQVIGDDLDNAAPEFSAVAPTGPAGIHYVWWDDTIVAPLAAHVTEADRRAAEELPAPVRELLAAMDRLAAEPLGSAVQLRVVETIALDIAVGFRRVYGKVLAGGEPVFGEKDQFAIIDAHIKAETVHAAQVSDDETGMTGLVTDAERGEEFVRLVEEYAGLWSAALECFGDRLTG,0.0,-14.990928649902344,-14.32862949371338,-14.59657096862793,-14.380305290222168,-14.975875854492188,-14.6544620513916
W209L,PLSPLPAVARAELDARTEREIDRARLRRADNGFFRSARDVESVSPADGHAVAVWWRQMTKAFMFTTLAGLGALARDYARRDADRELLGAFQTVYQVIGDDLDNAAPEFSAVAPTGPAGIHYVWWDDTIVAPLAAHVTEADRRAAEELPAPVRELLAAMDRLAAEPLGSAVQLRVVETIALDIAVGFRRVYGKVLAGGEPVFGEKDQFALIDAHIKAETVHAAQVSDDETGMTGLVTDAERGEEFVRLVEEYAGLWSAALECFGDRLTG,0.0,-11.070531845092772,-10.775921821594238,-10.94363498687744,-10.826009750366213,-11.062539100646973,-10.935727500915528
W209K,PLSPLPAVARAELDARTEREIDRARLRRADNGFFRSARDVESVSPADGHAVAVWWRQMTKAFMFTTLAGLGALARDYARRDADRELLGAFQTVYQVIGDDLDNAAPEFSAVAPTGPAGIHYVWWDDTIVAPLAAHVTEADRRAAEELPAPVRELLAAMDRLAAEPLGSAVQLRVVETIALDIAVGFRRVYGKVLAGGEPVFGEKDQFAKIDAHIKAETVHAAQVSDDETGMTGLVTDAERGEEFVRLVEEYAGLWSAALECFGDRLTG,0.0,-15.082971572875977,-14.743900299072266,-15.412431716918944,-14.988507270812988,-15.271369934082031,-15.099836158752442
W209M,PLSPLPAVARAELDARTEREIDRARLRRADNGFFRSARDVESVSPADGHAVAVWWRQMTKAFMFTTLAGLGALARDYARRDADRELLGAFQTVYQVIGDDLDNAAPEFSAVAPTGPAGIHYVWWDDTIVAPLAAHVTEADRRAAEELPAPVRELLAAMDRLAAEPLGSAVQLRVVETIALDIAVGFRRVYGKVLAGGEPVFGEKDQFAMIDAHIKAETVHAAQVSDDETGMTGLVTDAERGEEFVRLVEEYAGLWSAALECFGDRLTG,0.0,-14.5311861038208,-14.016002655029297,-14.323236465454102,-14.06685733795166,-14.442157745361328,-14.275888061523437
W209F,PLSPLPAVARAELDARTEREIDRARLRRADNGFFRSARDVESVSPADGHAVAVWWRQMTKAFMFTTLAGLGALARDYARRDADRELLGAFQTVYQVIGDDLDNAAPEFSAVAPTGPAGIHYVWWDDTIVAPLAAHVTEADRRAAEELPAPVRELLAAMDRLAAEPLGSAVQLRVVETIALDIAVGFRRVYGKVLAGGEPVFGEKDQFAFIDAHIKAETVHAAQVSDDETGMTGLVTDAERGEEFVRLVEEYAGLWSAALECFGDRLTG,0.0,-10.902432441711426,-10.239371299743652,-10.610614776611328,-10.50308322906494,-11.021184921264648,-10.6553373336792
W209P,PLSPLPAVARAELDARTEREIDRARLRRADNGFFRSARDVESVSPADGHAVAVWWRQMTKAFMFTTLAGLGALARDYARRDADRELLGAFQTVYQVIGDDLDNAAPEFSAVAPTGPAGIHYVWWDDTIVAPLAAHVTEADRRAAEELPAPVRELLAAMDRLAAEPLGSAVQLRVVETIALDIAVGFRRVYGKVLAGGEPVFGEKDQFAPIDAHIKAETVHAAQVSDDETGMTGLVTDAERGEEFVRLVEEYAGLWSAALECFGDRLTG,0.0,-14.481721878051758,-13.867228507995604,-13.972023963928224,-14.003235816955566,-14.52151870727539,-14.169145774841308
W209S,PLSPLPAVARAELDARTEREIDRARLRRADNGFFRSARDVESVSPADGHAVAVWWRQMTKAFMFTTLAGLGALARDYARRDADRELLGAFQTVYQVIGDDLDNAAPEFSAVAPTGPAGIHYVWWDDTIVAPLAAHVTEADRRAAEELPAPVRELLAAMDRLAAEPLGSAVQLRVVETIALDIAVGFRRVYGKVLAGGEPVFGEKDQFASIDAHIKAETVHAAQVSDDETGMTGLVTDAERGEEFVRLVEEYAGLWSAALECFGDRLTG,0.0,-12.219267845153809,-11.726750373840332,-12.059893608093262,-12.008170127868652,-12.320842742919922,-12.066984939575196
W209T,PLSPLPAVARAELDARTEREIDRARLRRADNGFFRSARDVESVSPADGHAVAVWWRQMTKAFMFTTLAGLGALARDYARRDADRELLGAFQTVYQVIGDDLDNAAPEFSAVAPTGPAGIHYVWWDDTIVAPLAAHVTEADRRAAEELPAPVRELLAAMDRLAAEPLGSAVQLRVVETIALDIAVGFRRVYGKVLAGGEPVFGEKDQFATIDAHIKAETVHAAQVSDDETGMTGLVTDAERGEEFVRLVEEYAGLWSAALECFGDRLTG,0.0,-16.03157615661621,-15.186141967773438,-15.783944129943848,-15.381772994995115,-15.860868453979492,-15.648860740661622
W209Y,PLSPLPAVARAELDARTEREIDRARLRRADNGFFRSARDVESVSPADGHAVAVWWRQMTKAFMFTTLAGLGALARDYARRDADRELLGAFQTVYQVIGDDLDNAAPEFSAVAPTGPAGIHYVWWDDTIVAPLAAHVTEADRRAAEELPAPVRELLAAMDRLAAEPLGSAVQLRVVETIALDIAVGFRRVYGKVLAGGEPVFGEKDQFAYIDAHIKAETVHAAQVSDDETGMTGLVTDAERGEEFVRLVEEYAGLWSAALECFGDRLTG,0.0,-11.218628883361816,-10.024964332580566,-10.382795333862305,-10.684929847717283,-11.167913436889648,-10.695846366882325
W209V,PLSPLPAVARAELDARTEREIDRARLRRADNGFFRSARDVESVSPADGHAVAVWWRQMTKAFMFTTLAGLGALARDYARRDADRELLGAFQTVYQVIGDDLDNAAPEFSAVAPTGPAGIHYVWWDDTIVAPLAAHVTEADRRAAEELPAPVRELLAAMDRLAAEPLGSAVQLRVVETIALDIAVGFRRVYGKVLAGGEPVFGEKDQFAVIDAHIKAETVHAAQVSDDETGMTGLVTDAERGEEFVRLVEEYAGLWSAALECFGDRLTG,0.0,-13.9154634475708,-13.393721580505373,-13.650543212890623,-13.350404739379885,-13.901131629943848,-13.642252922058105
W255A,PLSPLPAVARAELDARTEREIDRARLRRADNGFFRSARDVESVSPADGHAVAVWWRQMTKAFMFTTLAGLGALARDYARRDADRELLGAFQTVYQVIGDDLDNAAPEFSAVAPTGPAGIHYVWWDDTIVAPLAAHVTEADRRAAEELPAPVRELLAAMDRLAAEPLGSAVQLRVVETIALDIAVGFRRVYGKVLAGGEPVFGEKDQFAWIDAHIKAETVHAAQVSDDETGMTGLVTDAERGEEFVRLVEEYAGLASAALECFGDRLTG,0.0,-14.400568008422852,-13.94653034210205,-14.32453441619873,-13.964913368225098,-14.31903076171875,-14.191115379333496
W255R,PLSPLPAVARAELDARTEREIDRARLRRADNGFFRSARDVESVSPADGHAVAVWWRQMTKAFMFTTLAGLGALARDYARRDADRELLGAFQTVYQVIGDDLDNAAPEFSAVAPTGPAGIHYVWWDDTIVAPLAAHVTEADRRAAEELPAPVRELLAAMDRLAAEPLGSAVQLRVVETIALDIAVGFRRVYGKVLAGGEPVFGEKDQFAWIDAHIKAETVHAAQVSDDETGMTGLVTDAERGEEFVRLVEEYAGLRSAALECFGDRLTG,0.0,-11.815840721130373,-11.891633987426758,-11.94904899597168,-11.994854927062988,-12.07412815093994,-11.945101356506347
W255N,PLSPLPAVARAELDARTEREIDRARLRRADNGFFRSARDVESVSPADGHAVAVWWRQMTKAFMFTTLAGLGALARDYARRDADRELLGAFQTVYQVIGDDLDNAAPEFSAVAPTGPAGIHYVWWDDTIVAPLAAHVTEADRRAAEELPAPVRELLAAMDRLAAEPLGSAVQLRVVETIALDIAVGFRRVYGKVLAGGEPVFGEKDQFAWIDAHIKAETVHAAQVSDDETGMTGLVTDAERGEEFVRLVEEYAGLNSAALECFGDRLTG,0.0,-16.907766342163086,-16.789134979248047,-17.084213256835938,-16.779653549194336,-17.09911346435547,-16.931976318359375
W255D,PLSPLPAVARAELDARTEREIDRARLRRADNGFFRSARDVESVSPADGHAVAVWWRQMTKAFMFTTLAGLGALARDYARRDADRELLGAFQTVYQVIGDDLDNAAPEFSAVAPTGPAGIHYVWWDDTIVAPLAAHVTEADRRAAEELPAPVRELLAAMDRLAAEPLGSAVQLRVVETIALDIAVGFRRVYGKVLAGGEPVFGEKDQFAWIDAHIKAETVHAAQVSDDETGMTGLVTDAERGEEFVRLVEEYAGLDSAALECFGDRLTG,0.0,-17.433181762695312,-17.434133529663086,-17.609296798706055,-17.19165802001953,-17.515827178955078,-17.43681945800781
W255C,PLSPLPAVARAELDARTEREIDRARLRRADNGFFRSARDVESVSPADGHAVAVWWRQMTKAFMFTTLAGLGALARDYARRDADRELLGAFQTVYQVIGDDLDNAAPEFSAVAPTGPAGIHYVWWDDTIVAPLAAHVTEADRRAAEELPAPVRELLAAMDRLAAEPLGSAVQLRVVETIALDIAVGFRRVYGKVLAGGEPVFGEKDQFAWIDAHIKAETVHAAQVSDDETGMTGLVTDAERGEEFVRLVEEYAGLCSAALECFGDRLTG,0.0,-12.990119934082031,-12.786820411682127,-12.8170804977417,-12.77574634552002,-12.877134323120115,-12.8493803024292
W255Q,PLSPLPAVARAELDARTEREIDRARLRRADNGFFRSARDVESVSPADGHAVAVWWRQMTKAFMFTTLAGLGALARDYARRDADRELLGAFQTVYQVIGDDLDNAAPEFSAVAPTGPAGIHYVWWDDTIVAPLAAHVTEADRRAAEELPAPVRELLAAMDRLAAEPLGSAVQLRVVETIALDIAVGFRRVYGKVLAGGEPVFGEKDQFAWIDAHIKAETVHAAQVSDDETGMTGLVTDAERGEEFVRLVEEYAGLQSAALECFGDRLTG,0.0,-14.458809852600098,-14.04425048828125,-14.679450988769531,-14.3067626953125,-14.638105392456056,-14.425475883483887
W255E,PLSPLPAVARAELDARTEREIDRARLRRADNGFFRSARDVESVSPADGHAVAVWWRQMTKAFMFTTLAGLGALARDYARRDADRELLGAFQTVYQVIGDDLDNAAPEFSAVAPTGPAGIHYVWWDDTIVAPLAAHVTEADRRAAEELPAPVRELLAAMDRLAAEPLGSAVQLRVVETIALDIAVGFRRVYGKVLAGGEPVFGEKDQFAWIDAHIKAETVHAAQVSDDETGMTGLVTDAERGEEFVRLVEEYAGLESAALECFGDRLTG,0.0,-16.672664642333984,-16.686885833740234,-17.071523666381836,-16.333528518676758,-16.887653350830078,-16.73045120239258
W255G,PLSPLPAVARAELDARTEREIDRARLRRADNGFFRSARDVESVSPADGHAVAVWWRQMTKAFMFTTLAGLGALARDYARRDADRELLGAFQTVYQVIGDDLDNAAPEFSAVAPTGPAGIHYVWWDDTIVAPLAAHVTEADRRAAEELPAPVRELLAAMDRLAAEPLGSAVQLRVVETIALDIAVGFRRVYGKVLAGGEPVFGEKDQFAWIDAHIKAETVHAAQVSDDETGMTGLVTDAERGEEFVRLVEEYAGLGSAALECFGDRLTG,0.0,-12.998001098632812,-12.91183090209961,-13.286479949951172,-12.747838973999023,-13.232134819030762,-13.035257148742676
W255H,PLSPLPAVARAELDARTEREIDRARLRRADNGFFRSARDVESVSPADGHAVAVWWRQMTKAFMFTTLAGLGALARDYARRDADRELLGAFQTVYQVIGDDLDNAAPEFSAVAPTGPAGIHYVWWDDTIVAPLAAHVTEADRRAAEELPAPVRELLAAMDRLAAEPLGSAVQLRVVETIALDIAVGFRRVYGKVLAGGEPVFGEKDQFAWIDAHIKAETVHAAQVSDDETGMTGLVTDAERGEEFVRLVEEYAGLHSAALECFGDRLTG,0.0,-15.085840225219728,-14.47321605682373,-14.78956127166748,-14.791583061218262,-15.02793788909912,-14.833627700805664
W255I,PLSPLPAVARAELDARTEREIDRARLRRADNGFFRSARDVESVSPADGHAVAVWWRQMTKAFMFTTLAGLGALARDYARRDADRELLGAFQTVYQVIGDDLDNAAPEFSAVAPTGPAGIHYVWWDDTIVAPLAAHVTEADRRAAEELPAPVRELLAAMDRLAAEPLGSAVQLRVVETIALDIAVGFRRVYGKVLAGGEPVFGEKDQFAWIDAHIKAETVHAAQVSDDETGMTGLVTDAERGEEFVRLVEEYAGLISAALECFGDRLTG,0.0,-14.790932655334473,-14.11689567565918,-14.383416175842283,-14.26975154876709,-14.792315483093262,-14.470662307739257
W255L,PLSPLPAVARAELDARTEREIDRARLRRADNGFFRSARDVESVSPADGHAVAVWWRQMTKAFMFTTLAGLGALARDYARRDADRELLGAFQTVYQVIGDDLDNAAPEFSAVAPTGPAGIHYVWWDDTIVAPLAAHVTEADRRAAEELPAPVRELLAAMDRLAAEPLGSAVQLRVVETIALDIAVGFRRVYGKVLAGGEPVFGEKDQFAWIDAHIKAETVHAAQVSDDETGMTGLVTDAERGEEFVRLVEEYAGLLSAALECFGDRLTG,0.0,-11.283552169799805,-10.984238624572754,-11.0555419921875,-10.93825912475586,-11.370689392089844,-11.126456260681152
W255K,PLSPLPAVARAELDARTEREIDRARLRRADNGFFRSARDVESVSPADGHAVAVWWRQMTKAFMFTTLAGLGALARDYARRDADRELLGAFQTVYQVIGDDLDNAAPEFSAVAPTGPAGIHYVWWDDTIVAPLAAHVTEADRRAAEELPAPVRELLAAMDRLAAEPLGSAVQLRVVETIALDIAVGFRRVYGKVLAGGEPVFGEKDQFAWIDAHIKAETVHAAQVSDDETGMTGLVTDAERGEEFVRLVEEYAGLKSAALECFGDRLTG,0.0,-15.92832851409912,-15.786599159240724,-16.355344772338867,-15.903192520141602,-16.26846694946289,-16.04838638305664
W255M,PLSPLPAVARAELDARTEREIDRARLRRADNGFFRSARDVESVSPADGHAVAVWWRQMTKAFMFTTLAGLGALARDYARRDADRELLGAFQTVYQVIGDDLDNAAPEFSAVAPTGPAGIHYVWWDDTIVAPLAAHVTEADRRAAEELPAPVRELLAAMDRLAAEPLGSAVQLRVVETIALDIAVGFRRVYGKVLAGGEPVFGEKDQFAWIDAHIKAETVHAAQVSDDETGMTGLVTDAERGEEFVRLVEEYAGLMSAALECFGDRLTG,0.0,-14.498074531555176,-14.025628089904783,-14.3045015335083,-14.118034362792969,-14.464815139770508,-14.282210731506348
W255F,PLSPLPAVARAELDARTEREIDRARLRRADNGFFRSARDVESVSPADGHAVAVWWRQMTKAFMFTTLAGLGALARDYARRDADRELLGAFQTVYQVIGDDLDNAAPEFSAVAPTGPAGIHYVWWDDTIVAPLAAHVTEADRRAAEELPAPVRELLAAMDRLAAEPLGSAVQLRVVETIALDIAVGFRRVYGKVLAGGEPVFGEKDQFAWIDAHIKAETVHAAQVSDDETGMTGLVTDAERGEEFVRLVEEYAGLFSAALECFGDRLTG,0.0,-10.663969993591309,-9.645671844482422,-10.145050048828123,-10.128562927246094,-10.594280242919922,-10.235507011413574
W255P,PLSPLPAVARAELDARTEREIDRARLRRADNGFFRSARDVESVSPADGHAVAVWWRQMTKAFMFTTLAGLGALARDYARRDADRELLGAFQTVYQVIGDDLDNAAPEFSAVAPTGPAGIHYVWWDDTIVAPLAAHVTEADRRAAEELPAPVRELLAAMDRLAAEPLGSAVQLRVVETIALDIAVGFRRVYGKVLAGGEPVFGEKDQFAWIDAHIKAETVHAAQVSDDETGMTGLVTDAERGEEFVRLVEEYAGLPSAALECFGDRLTG,0.0,-15.181466102600098,-14.702013969421388,-15.033082962036133,-14.841179847717283,-15.405817031860352,-15.03271198272705
W255S,PLSPLPAVARAELDARTEREIDRARLRRADNGFFRSARDVESVSPADGHAVAVWWRQMTKAFMFTTLAGLGALARDYARRDADRELLGAFQTVYQVIGDDLDNAAPEFSAVAPTGPAGIHYVWWDDTIVAPLAAHVTEADRRAAEELPAPVRELLAAMDRLAAEPLGSAVQLRVVETIALDIAVGFRRVYGKVLAGGEPVFGEKDQFAWIDAHIKAETVHAAQVSDDETGMTGLVTDAERGEEFVRLVEEYAGLSSAALECFGDRLTG,0.0,-13.467645645141602,-13.149004936218262,-13.550982475280762,-13.26901626586914,-13.611952781677246,-13.409720420837402
W255T,PLSPLPAVARAELDARTEREIDRARLRRADNGFFRSARDVESVSPADGHAVAVWWRQMTKAFMFTTLAGLGALARDYARRDADRELLGAFQTVYQVIGDDLDNAAPEFSAVAPTGPAGIHYVWWDDTIVAPLAAHVTEADRRAAEELPAPVRELLAAMDRLAAEPLGSAVQLRVVETIALDIAVGFRRVYGKVLAGGEPVFGEKDQFAWIDAHIKAETVHAAQVSDDETGMTGLVTDAERGEEFVRLVEEYAGLTSAALECFGDRLTG,0.0,-16.55887794494629,-16.02796173095703,-16.486019134521484,-15.993734359741213,-16.532989501953125,-16.31991653442383
W255Y,PLSPLPAVARAELDARTEREIDRARLRRADNGFFRSARDVESVSPADGHAVAVWWRQMTKAFMFTTLAGLGALARDYARRDADRELLGAFQTVYQVIGDDLDNAAPEFSAVAPTGPAGIHYVWWDDTIVAPLAAHVTEADRRAAEELPAPVRELLAAMDRLAAEPLGSAVQLRVVETIALDIAVGFRRVYGKVLAGGEPVFGEKDQFAWIDAHIKAETVHAAQVSDDETGMTGLVTDAERGEEFVRLVEEYAGLYSAALECFGDRLTG,0.0,-11.436275482177734,-10.38247299194336,-10.706769943237305,-10.919079780578612,-11.400238990783691,-10.96896743774414
W255V,PLSPLPAVARAELDARTEREIDRARLRRADNGFFRSARDVESVSPADGHAVAVWWRQMTKAFMFTTLAGLGALARDYARRDADRELLGAFQTVYQVIGDDLDNAAPEFSAVAPTGPAGIHYVWWDDTIVAPLAAHVTEADRRAAEELPAPVRELLAAMDRLAAEPLGSAVQLRVVETIALDIAVGFRRVYGKVLAGGEPVFGEKDQFAWIDAHIKAETVHAAQVSDDETGMTGLVTDAERGEEFVRLVEEYAGLVSAALECFGDRLTG,0.0,-14.089841842651367,-13.765348434448242,-14.04460620880127,-13.650341033935549,-14.068403244018556,-13.923708152770995
