mutant,mutated_sequence,DMS_score
W55A,PLSPLPAVARAELDARTEREIDRARLRRADNGFFRSARDVESVSPADGHAVAVWARQMTKAFMFTTLAGLGALARDYARRDADRELLGAFQTVYQVIGDDLDNAAPEFSAVAPTGPAGIHYVWWDDTIVAPLAAHVTEADRRAAEELPAPVRELLAAMDRLAAEPLGSAVQLRVVETIALDIAVGFRRVYGKVLAGGEPVFGEKDQFAWIDAHIKAETVHAAQVSDDETGMTGLVTDAERGEEFVRLVEEYAGLWSAALECFGDRLTG,0.0
W55R,PLSPLPAVARAELDARTEREIDRARLRRADNGFFRSARDVESVSPADGHAVAVWRRQMTKAFMFTTLAGLGALARDYARRDADRELLGAFQTVYQVIGDDLDNAAPEFSAVAPTGPAGIHYVWWDDTIVAPLAAHVTEADRRAAEELPAPVRELLAAMDRLAAEPLGSAVQLRVVETIALDIAVGFRRVYGKVLAGGEPVFGEKDQFAWIDAHIKAETVHAAQVSDDETGMTGLVTDAERGEEFVRLVEEYAGLWSAALECFGDRLTG,0.0
W55N,PLSPLPAVARAELDARTEREIDRARLRRADNGFFRSARDVESVSPADGHAVAVWNRQMTKAFMFTTLAGLGALARDYARRDADRELLGAFQTVYQVIGDDLDNAAPEFSAVAPTGPAGIHYVWWDDTIVAPLAAHVTEADRRAAEELPAPVRELLAAMDRLAAEPLGSAVQLRVVETIALDIAVGFRRVYGKVLAGGEPVFGEKDQFAWIDAHIKAETVHAAQVSDDETGMTGLVTDAERGEEFVRLVEEYAGLWSAALECFGDRLTG,0.0
W55D,PLSPLPAVARAELDARTEREIDRARLRRADNGFFRSARDVESVSPADGHAVAVWDRQMTKAFMFTTLAGLGALARDYARRDADRELLGAFQTVYQVIGDDLDNAAPEFSAVAPTGPAGIHYVWWDDTIVAPLAAHVTEADRRAAEELPAPVRELLAAMDRLAAEPLGSAVQLRVVETIALDIAVGFRRVYGKVLAGGEPVFGEKDQFAWIDAHIKAETVHAAQVSDDETGMTGLVTDAERGEEFVRLVEEYAGLWSAALECFGDRLTG,0.0
W55C,PLSPLPAVARAELDARTEREIDRARLRRADNGFFRSARDVESVSPADGHAVAVWCRQMTKAFMFTTLAGLGALARDYARRDADRELLGAFQTVYQVIGDDLDNAAPEFSAVAPTGPAGIHYVWWDDTIVAPLAAHVTEADRRAAEELPAPVRELLAAMDRLAAEPLGSAVQLRVVETIALDIAVGFRRVYGKVLAGGEPVFGEKDQFAWIDAHIKAETVHAAQVSDDETGMTGLVTDAERGEEFVRLVEEYAGLWSAALECFGDRLTG,0.0
W55Q,PLSPLPAVARAELDARTEREIDRARLRRADNGFFRSARDVESVSPADGHAVAVWQRQMTKAFMFTTLAGLGALARDYARRDADRELLGAFQTVYQVIGDDLDNAAPEFSAVAPTGPAGIHYVWWDDTIVAPLAAHVTEADRRAAEELPAPVRELLAAMDRLAAEPLGSAVQLRVVETIALDIAVGFRRVYGKVLAGGEPVFGEKDQFAWIDAHIKAETVHAAQVSDDETGMTGLVTDAERGEEFVRLVEEYAGLWSAALECFGDRLTG,0.0
W55E,PLSPLPAVARAELDARTEREIDRARLRRADNGFFRSARDVESVSPADGHAVAVWERQMTKAFMFTTLAGLGALARDYARRDADRELLGAFQTVYQVIGDDLDNAAPEFSAVAPTGPAGIHYVWWDDTIVAPLAAHVTEADRRAAEELPAPVRELLAAMDRLAAEPLGSAVQLRVVETIALDIAVGFRRVYGKVLAGGEPVFGEKDQFAWIDAHIKAETVHAAQVSDDETGMTGLVTDAERGEEFVRLVEEYAGLWSAALECFGDRLTG,0.0
W55G,PLSPLPAVARAELDARTEREIDRARLRRADNGFFRSARDVESVSPADGHAVAVWGRQMTKAFMFTTLAGLGALARDYARRDADRELLGAFQTVYQVIGDDLDNAAPEFSAVAPTGPAGIHYVWWDDTIVAPLAAHVTEADRRAAEELPAPVRELLAAMDRLAAEPLGSAVQLRVVETIALDIAVGFRRVYGKVLAGGEPVFGEKDQFAWIDAHIKAETVHAAQVSDDETGMTGLVTDAERGEEFVRLVEEYAGLWSAALECFGDRLTG,0.0
W55H,PLSPLPAVARAELDARTEREIDRARLRRADNGFFRSARDVESVSPADGHAVAVWHRQMTKAFMFTTLAGLGALARDYARRDADRELLGAFQTVYQVIGDDLDNAAPEFSAVAPTGPAGIHYVWWDDTIVAPLAAHVTEADRRAAEELPAPVRELLAAMDRLAAEPLGSAVQLRVVETIALDIAVGFRRVYGKVLAGGEPVFGEKDQFAWIDAHIKAETVHAAQVSDDETGMTGLVTDAERGEEFVRLVEEYAGLWSAALECFGDRLTG,0.0
W55I,PLSPLPAVARAELDARTEREIDRARLRRADNGFFRSARDVESVSPADGHAVAVWIRQMTKAFMFTTLAGLGALARDYARRDADRELLGAFQTVYQVIGDDLDNAAPEFSAVAPTGPAGIHYVWWDDTIVAPLAAHVTEADRRAAEELPAPVRELLAAMDRLAAEPLGSAVQLRVVETIALDIAVGFRRVYGKVLAGGEPVFGEKDQFAWIDAHIKAETVHAAQVSDDETGMTGLVTDAERGEEFVRLVEEYAGLWSAALECFGDRLTG,0.0
W55L,PLSPLPAVARAELDARTEREIDRARLRRADNGFFRSARDVESVSPADGHAVAVWLRQMTKAFMFTTLAGLGALARDYARRDADRELLGAFQTVYQVIGDDLDNAAPEFSAVAPTGPAGIHYVWWDDTIVAPLAAHVTEADRRAAEELPAPVRELLAAMDRLAAEPLGSAVQLRVVETIALDIAVGFRRVYGKVLAGGEPVFGEKDQFAWIDAHIKAETVHAAQVSDDETGMTGLVTDAERGEEFVRLVEEYAGLWSAALECFGDRLTG,0.0
W55K,PLSPLPAVARAELDARTEREIDRARLRRADNGFFRSARDVESVSPADGHAVAVWKRQMTKAFMFTTLAGLGALARDYARRDADRELLGAFQTVYQVIGDDLDNAAPEFSAVAPTGPAGIHYVWWDDTIVAPLAAHVTEADRRAAEELPAPVRELLAAMDRLAAEPLGSAVQLRVVETIALDIAVGFRRVYGKVLAGGEPVFGEKDQFAWIDAHIKAETVHAAQVSDDETGMTGLVTDAERGEEFVRLVEEYAGLWSAALECFGDRLTG,0.0
W55M,PLSPLPAVARAELDARTEREIDRARLRRADNGFFRSARDVESVSPADGHAVAVWMRQMTKAFMFTTLAGLGALARDYARRDADRELLGAFQTVYQVIGDDLDNAAPEFSAVAPTGPAGIHYVWWDDTIVAPLAAHVTEADRRAAEELPAPVRELLAAMDRLAAEPLGSAVQLRVVETIALDIAVGFRRVYGKVLAGGEPVFGEKDQFAWIDAHIKAETVHAAQVSDDETGMTGLVTDAERGEEFVRLVEEYAGLWSAALECFGDRLTG,0.0
W55F,PLSPLPAVARAELDARTEREIDRARLRRADNGFFRSARDVESVSPADGHAVAVWFRQMTKAFMFTTLAGLGALARDYARRDADRELLGAFQTVYQVIGDDLDNAAPEFSAVAPTGPAGIHYVWWDDTIVAPLAAHVTEADRRAAEELPAPVRELLAAMDRLAAEPLGSAVQLRVVETIALDIAVGFRRVYGKVLAGGEPVFGEKDQFAWIDAHIKAETVHAAQVSDDETGMTGLVTDAERGEEFVRLVEEYAGLWSAALECFGDRLTG,0.0
W55P,PLSPLPAVARAELDARTEREIDRARLRRADNGFFRSARDVESVSPADGHAVAVWPRQMTKAFMFTTLAGLGALARDYARRDADRELLGAFQTVYQVIGDDLDNAAPEFSAVAPTGPAGIHYVWWDDTIVAPLAAHVTEADRRAAEELPAPVRELLAAMDRLAAEPLGSAVQLRVVETIALDIAVGFRRVYGKVLAGGEPVFGEKDQFAWIDAHIKAETVHAAQVSDDETGMTGLVTDAERGEEFVRLVEEYAGLWSAALECFGDRLTG,0.0
W55S,PLSPLPAVARAELDARTEREIDRARLRRADNGFFRSARDVESVSPADGHAVAVWSRQMTKAFMFTTLAGLGALARDYARRDADRELLGAFQTVYQVIGDDLDNAAPEFSAVAPTGPAGIHYVWWDDTIVAPLAAHVTEADRRAAEELPAPVRELLAAMDRLAAEPLGSAVQLRVVETIALDIAVGFRRVYGKVLAGGEPVFGEKDQFAWIDAHIKAETVHAAQVSDDETGMTGLVTDAERGEEFVRLVEEYAGLWSAALECFGDRLTG,0.0
W55T,PLSPLPAVARAELDARTEREIDRARLRRADNGFFRSARDVESVSPADGHAVAVWTRQMTKAFMFTTLAGLGALARDYARRDADRELLGAFQTVYQVIGDDLDNAAPEFSAVAPTGPAGIHYVWWDDTIVAPLAAHVTEADRRAAEELPAPVRELLAAMDRLAAEPLGSAVQLRVVETIALDIAVGFRRVYGKVLAGGEPVFGEKDQFAWIDAHIKAETVHAAQVSDDETGMTGLVTDAERGEEFVRLVEEYAGLWSAALECFGDRLTG,0.0
W55Y,PLSPLPAVARAELDARTEREIDRARLRRADNGFFRSARDVESVSPADGHAVAVWYRQMTKAFMFTTLAGLGALARDYARRDADRELLGAFQTVYQVIGDDLDNAAPEFSAVAPTGPAGIHYVWWDDTIVAPLAAHVTEADRRAAEELPAPVRELLAAMDRLAAEPLGSAVQLRVVETIALDIAVGFRRVYGKVLAGGEPVFGEKDQFAWIDAHIKAETVHAAQVSDDETGMTGLVTDAERGEEFVRLVEEYAGLWSAALECFGDRLTG,0.0
W55V,PLSPLPAVARAELDARTEREIDRARLRRADNGFFRSARDVESVSPADGHAVAVWVRQMTKAFMFTTLAGLGALARDYARRDADRELLGAFQTVYQVIGDDLDNAAPEFSAVAPTGPAGIHYVWWDDTIVAPLAAHVTEADRRAAEELPAPVRELLAAMDRLAAEPLGSAVQLRVVETIALDIAVGFRRVYGKVLAGGEPVFGEKDQFAWIDAHIKAETVHAAQVSDDETGMTGLVTDAERGEEFVRLVEEYAGLWSAALECFGDRLTG,0.0
F62A,PLSPLPAVARAELDARTEREIDRARLRRADNGFFRSARDVESVSPADGHAVAVWWRQMTKAAMFTTLAGLGALARDYARRDADRELLGAFQTVYQVIGDDLDNAAPEFSAVAPTGPAGIHYVWWDDTIVAPLAAHVTEADRRAAEELPAPVRELLAAMDRLAAEPLGSAVQLRVVETIALDIAVGFRRVYGKVLAGGEPVFGEKDQFAWIDAHIKAETVHAAQVSDDETGMTGLVTDAERGEEFVRLVEEYAGLWSAALECFGDRLTG,0.0
F62R,PLSPLPAVARAELDARTEREIDRARLRRADNGFFRSARDVESVSPADGHAVAVWWRQMTKARMFTTLAGLGALARDYARRDADRELLGAFQTVYQVIGDDLDNAAPEFSAVAPTGPAGIHYVWWDDTIVAPLAAHVTEADRRAAEELPAPVRELLAAMDRLAAEPLGSAVQLRVVETIALDIAVGFRRVYGKVLAGGEPVFGEKDQFAWIDAHIKAETVHAAQVSDDETGMTGLVTDAERGEEFVRLVEEYAGLWSAALECFGDRLTG,0.0
F62N,PLSPLPAVARAELDARTEREIDRARLRRADNGFFRSARDVESVSPADGHAVAVWWRQMTKANMFTTLAGLGALARDYARRDADRELLGAFQTVYQVIGDDLDNAAPEFSAVAPTGPAGIHYVWWDDTIVAPLAAHVTEADRRAAEELPAPVRELLAAMDRLAAEPLGSAVQLRVVETIALDIAVGFRRVYGKVLAGGEPVFGEKDQFAWIDAHIKAETVHAAQVSDDETGMTGLVTDAERGEEFVRLVEEYAGLWSAALECFGDRLTG,0.0
F62D,PLSPLPAVARAELDARTEREIDRARLRRADNGFFRSARDVESVSPADGHAVAVWWRQMTKADMFTTLAGLGALARDYARRDADRELLGAFQTVYQVIGDDLDNAAPEFSAVAPTGPAGIHYVWWDDTIVAPLAAHVTEADRRAAEELPAPVRELLAAMDRLAAEPLGSAVQLRVVETIALDIAVGFRRVYGKVLAGGEPVFGEKDQFAWIDAHIKAETVHAAQVSDDETGMTGLVTDAERGEEFVRLVEEYAGLWSAALECFGDRLTG,0.0
F62C,PLSPLPAVARAELDARTEREIDRARLRRADNGFFRSARDVESVSPADGHAVAVWWRQMTKACMFTTLAGLGALARDYARRDADRELLGAFQTVYQVIGDDLDNAAPEFSAVAPTGPAGIHYVWWDDTIVAPLAAHVTEADRRAAEELPAPVRELLAAMDRLAAEPLGSAVQLRVVETIALDIAVGFRRVYGKVLAGGEPVFGEKDQFAWIDAHIKAETVHAAQVSDDETGMTGLVTDAERGEEFVRLVEEYAGLWSAALECFGDRLTG,0.0
F62Q,PLSPLPAVARAELDARTEREIDRARLRRADNGFFRSARDVESVSPADGHAVAVWWRQMTKAQMFTTLAGLGALARDYARRDADRELLGAFQTVYQVIGDDLDNAAPEFSAVAPTGPAGIHYVWWDDTIVAPLAAHVTEADRRAAEELPAPVRELLAAMDRLAAEPLGSAVQLRVVETIALDIAVGFRRVYGKVLAGGEPVFGEKDQFAWIDAHIKAETVHAAQVSDDETGMTGLVTDAERGEEFVRLVEEYAGLWSAALECFGDRLTG,0.0
F62E,PLSPLPAVARAELDARTEREIDRARLRRADNGFFRSARDVESVSPADGHAVAVWWRQMTKAEMFTTLAGLGALARDYARRDADRELLGAFQTVYQVIGDDLDNAAPEFSAVAPTGPAGIHYVWWDDTIVAPLAAHVTEADRRAAEELPAPVRELLAAMDRLAAEPLGSAVQLRVVETIALDIAVGFRRVYGKVLAGGEPVFGEKDQFAWIDAHIKAETVHAAQVSDDETGMTGLVTDAERGEEFVRLVEEYAGLWSAALECFGDRLTG,0.0
F62G,PLSPLPAVARAELDARTEREIDRARLRRADNGFFRSARDVESVSPADGHAVAVWWRQMTKAGMFTTLAGLGALARDYARRDADRELLGAFQTVYQVIGDDLDNAAPEFSAVAPTGPAGIHYVWWDDTIVAPLAAHVTEADRRAAEELPAPVRELLAAMDRLAAEPLGSAVQLRVVETIALDIAVGFRRVYGKVLAGGEPVFGEKDQFAWIDAHIKAETVHAAQVSDDETGMTGLVTDAERGEEFVRLVEEYAGLWSAALECFGDRLTG,0.0
F62H,PLSPLPAVARAELDARTEREIDRARLRRADNGFFRSARDVESVSPADGHAVAVWWRQMTKAHMFTTLAGLGALARDYARRDADRELLGAFQTVYQVIGDDLDNAAPEFSAVAPTGPAGIHYVWWDDTIVAPLAAHVTEADRRAAEELPAPVRELLAAMDRLAAEPLGSAVQLRVVETIALDIAVGFRRVYGKVLAGGEPVFGEKDQFAWIDAHIKAETVHAAQVSDDETGMTGLVTDAERGEEFVRLVEEYAGLWSAALECFGDRLTG,0.0
F62I,PLSPLPAVARAELDARTEREIDRARLRRADNGFFRSARDVESVSPADGHAVAVWWRQMTKAIMFTTLAGLGALARDYARRDADRELLGAFQTVYQVIGDDLDNAAPEFSAVAPTGPAGIHYVWWDDTIVAPLAAHVTEADRRAAEELPAPVRELLAAMDRLAAEPLGSAVQLRVVETIALDIAVGFRRVYGKVLAGGEPVFGEKDQFAWIDAHIKAETVHAAQVSDDETGMTGLVTDAERGEEFVRLVEEYAGLWSAALECFGDRLTG,0.0
F62L,PLSPLPAVARAELDARTEREIDRARLRRADNGFFRSARDVESVSPADGHAVAVWWRQMTKALMFTTLAGLGALARDYARRDADRELLGAFQTVYQVIGDDLDNAAPEFSAVAPTGPAGIHYVWWDDTIVAPLAAHVTEADRRAAEELPAPVRELLAAMDRLAAEPLGSAVQLRVVETIALDIAVGFRRVYGKVLAGGEPVFGEKDQFAWIDAHIKAETVHAAQVSDDETGMTGLVTDAERGEEFVRLVEEYAGLWSAALECFGDRLTG,0.0
F62K,PLSPLPAVARAELDARTEREIDRARLRRADNGFFRSARDVESVSPADGHAVAVWWRQMTKAKMFTTLAGLGALARDYARRDADRELLGAFQTVYQVIGDDLDNAAPEFSAVAPTGPAGIHYVWWDDTIVAPLAAHVTEADRRAAEELPAPVRELLAAMDRLAAEPLGSAVQLRVVETIALDIAVGFRRVYGKVLAGGEPVFGEKDQFAWIDAHIKAETVHAAQVSDDETGMTGLVTDAERGEEFVRLVEEYAGLWSAALECFGDRLTG,0.0
F62M,PLSPLPAVARAELDARTEREIDRARLRRADNGFFRSARDVESVSPADGHAVAVWWRQMTKAMMFTTLAGLGALARDYARRDADRELLGAFQTVYQVIGDDLDNAAPEFSAVAPTGPAGIHYVWWDDTIVAPLAAHVTEADRRAAEELPAPVRELLAAMDRLAAEPLGSAVQLRVVETIALDIAVGFRRVYGKVLAGGEPVFGEKDQFAWIDAHIKAETVHAAQVSDDETGMTGLVTDAERGEEFVRLVEEYAGLWSAALECFGDRLTG,0.0
F62P,PLSPLPAVARAELDARTEREIDRARLRRADNGFFRSARDVESVSPADGHAVAVWWRQMTKAPMFTTLAGLGALARDYARRDADRELLGAFQTVYQVIGDDLDNAAPEFSAVAPTGPAGIHYVWWDDTIVAPLAAHVTEADRRAAEELPAPVRELLAAMDRLAAEPLGSAVQLRVVETIALDIAVGFRRVYGKVLAGGEPVFGEKDQFAWIDAHIKAETVHAAQVSDDETGMTGLVTDAERGEEFVRLVEEYAGLWSAALECFGDRLTG,0.0
F62S,PLSPLPAVARAELDARTEREIDRARLRRADNGFFRSARDVESVSPADGHAVAVWWRQMTKASMFTTLAGLGALARDYARRDADRELLGAFQTVYQVIGDDLDNAAPEFSAVAPTGPAGIHYVWWDDTIVAPLAAHVTEADRRAAEELPAPVRELLAAMDRLAAEPLGSAVQLRVVETIALDIAVGFRRVYGKVLAGGEPVFGEKDQFAWIDAHIKAETVHAAQVSDDETGMTGLVTDAERGEEFVRLVEEYAGLWSAALECFGDRLTG,0.0
F62T,PLSPLPAVARAELDARTEREIDRARLRRADNGFFRSARDVESVSPADGHAVAVWWRQMTKATMFTTLAGLGALARDYARRDADRELLGAFQTVYQVIGDDLDNAAPEFSAVAPTGPAGIHYVWWDDTIVAPLAAHVTEADRRAAEELPAPVRELLAAMDRLAAEPLGSAVQLRVVETIALDIAVGFRRVYGKVLAGGEPVFGEKDQFAWIDAHIKAETVHAAQVSDDETGMTGLVTDAERGEEFVRLVEEYAGLWSAALECFGDRLTG,0.0
F62W,PLSPLPAVARAELDARTEREIDRARLRRADNGFFRSARDVESVSPADGHAVAVWWRQMTKAWMFTTLAGLGALARDYARRDADRELLGAFQTVYQVIGDDLDNAAPEFSAVAPTGPAGIHYVWWDDTIVAPLAAHVTEADRRAAEELPAPVRELLAAMDRLAAEPLGSAVQLRVVETIALDIAVGFRRVYGKVLAGGEPVFGEKDQFAWIDAHIKAETVHAAQVSDDETGMTGLVTDAERGEEFVRLVEEYAGLWSAALECFGDRLTG,0.0
F62Y,PLSPLPAVARAELDARTEREIDRARLRRADNGFFRSARDVESVSPADGHAVAVWWRQMTKAYMFTTLAGLGALARDYARRDADRELLGAFQTVYQVIGDDLDNAAPEFSAVAPTGPAGIHYVWWDDTIVAPLAAHVTEADRRAAEELPAPVRELLAAMDRLAAEPLGSAVQLRVVETIALDIAVGFRRVYGKVLAGGEPVFGEKDQFAWIDAHIKAETVHAAQVSDDETGMTGLVTDAERGEEFVRLVEEYAGLWSAALECFGDRLTG,0.0
F62V,PLSPLPAVARAELDARTEREIDRARLRRADNGFFRSARDVESVSPADGHAVAVWWRQMTKAVMFTTLAGLGALARDYARRDADRELLGAFQTVYQVIGDDLDNAAPEFSAVAPTGPAGIHYVWWDDTIVAPLAAHVTEADRRAAEELPAPVRELLAAMDRLAAEPLGSAVQLRVVETIALDIAVGFRRVYGKVLAGGEPVFGEKDQFAWIDAHIKAETVHAAQVSDDETGMTGLVTDAERGEEFVRLVEEYAGLWSAALECFGDRLTG,0.0
V175A,PLSPLPAVARAELDARTEREIDRARLRRADNGFFRSARDVESVSPADGHAVAVWWRQMTKAFMFTTLAGLGALARDYARRDADRELLGAFQTVYQVIGDDLDNAAPEFSAVAPTGPAGIHYVWWDDTIVAPLAAHVTEADRRAAEELPAPVRELLAAMDRLAAEPLGSAVQLRVAETIALDIAVGFRRVYGKVLAGGEPVFGEKDQFAWIDAHIKAETVHAAQVSDDETGMTGLVTDAERGEEFVRLVEEYAGLWSAALECFGDRLTG,0.0
V175R,PLSPLPAVARAELDARTEREIDRARLRRADNGFFRSARDVESVSPADGHAVAVWWRQMTKAFMFTTLAGLGALARDYARRDADRELLGAFQTVYQVIGDDLDNAAPEFSAVAPTGPAGIHYVWWDDTIVAPLAAHVTEADRRAAEELPAPVRELLAAMDRLAAEPLGSAVQLRVRETIALDIAVGFRRVYGKVLAGGEPVFGEKDQFAWIDAHIKAETVHAAQVSDDETGMTGLVTDAERGEEFVRLVEEYAGLWSAALECFGDRLTG,0.0
V175N,PLSPLPAVARAELDARTEREIDRARLRRADNGFFRSARDVESVSPADGHAVAVWWRQMTKAFMFTTLAGLGALARDYARRDADRELLGAFQTVYQVIGDDLDNAAPEFSAVAPTGPAGIHYVWWDDTIVAPLAAHVTEADRRAAEELPAPVRELLAAMDRLAAEPLGSAVQLRVNETIALDIAVGFRRVYGKVLAGGEPVFGEKDQFAWIDAHIKAETVHAAQVSDDETGMTGLVTDAERGEEFVRLVEEYAGLWSAALECFGDRLTG,0.0
V175D,PLSPLPAVARAELDARTEREIDRARLRRADNGFFRSARDVESVSPADGHAVAVWWRQMTKAFMFTTLAGLGALARDYARRDADRELLGAFQTVYQVIGDDLDNAAPEFSAVAPTGPAGIHYVWWDDTIVAPLAAHVTEADRRAAEELPAPVRELLAAMDRLAAEPLGSAVQLRVDETIALDIAVGFRRVYGKVLAGGEPVFGEKDQFAWIDAHIKAETVHAAQVSDDETGMTGLVTDAERGEEFVRLVEEYAGLWSAALECFGDRLTG,0.0
V175C,PLSPLPAVARAELDARTEREIDRARLRRADNGFFRSARDVESVSPADGHAVAVWWRQMTKAFMFTTLAGLGALARDYARRDADRELLGAFQTVYQVIGDDLDNAAPEFSAVAPTGPAGIHYVWWDDTIVAPLAAHVTEADRRAAEELPAPVRELLAAMDRLAAEPLGSAVQLRVCETIALDIAVGFRRVYGKVLAGGEPVFGEKDQFAWIDAHIKAETVHAAQVSDDETGMTGLVTDAERGEEFVRLVEEYAGLWSAALECFGDRLTG,0.0
V175Q,PLSPLPAVARAELDARTEREIDRARLRRADNGFFRSARDVESVSPADGHAVAVWWRQMTKAFMFTTLAGLGALARDYARRDADRELLGAFQTVYQVIGDDLDNAAPEFSAVAPTGPAGIHYVWWDDTIVAPLAAHVTEADRRAAEELPAPVRELLAAMDRLAAEPLGSAVQLRVQETIALDIAVGFRRVYGKVLAGGEPVFGEKDQFAWIDAHIKAETVHAAQVSDDETGMTGLVTDAERGEEFVRLVEEYAGLWSAALECFGDRLTG,0.0
V175E,PLSPLPAVARAELDARTEREIDRARLRRADNGFFRSARDVESVSPADGHAVAVWWRQMTKAFMFTTLAGLGALARDYARRDADRELLGAFQTVYQVIGDDLDNAAPEFSAVAPTGPAGIHYVWWDDTIVAPLAAHVTEADRRAAEELPAPVRELLAAMDRLAAEPLGSAVQLRVEETIALDIAVGFRRVYGKVLAGGEPVFGEKDQFAWIDAHIKAETVHAAQVSDDETGMTGLVTDAERGEEFVRLVEEYAGLWSAALECFGDRLTG,0.0
V175G,PLSPLPAVARAELDARTEREIDRARLRRADNGFFRSARDVESVSPADGHAVAVWWRQMTKAFMFTTLAGLGALARDYARRDADRELLGAFQTVYQVIGDDLDNAAPEFSAVAPTGPAGIHYVWWDDTIVAPLAAHVTEADRRAAEELPAPVRELLAAMDRLAAEPLGSAVQLRVGETIALDIAVGFRRVYGKVLAGGEPVFGEKDQFAWIDAHIKAETVHAAQVSDDETGMTGLVTDAERGEEFVRLVEEYAGLWSAALECFGDRLTG,0.0
V175H,PLSPLPAVARAELDARTEREIDRARLRRADNGFFRSARDVESVSPADGHAVAVWWRQMTKAFMFTTLAGLGALARDYARRDADRELLGAFQTVYQVIGDDLDNAAPEFSAVAPTGPAGIHYVWWDDTIVAPLAAHVTEADRRAAEELPAPVRELLAAMDRLAAEPLGSAVQLRVHETIALDIAVGFRRVYGKVLAGGEPVFGEKDQFAWIDAHIKAETVHAAQVSDDETGMTGLVTDAERGEEFVRLVEEYAGLWSAALECFGDRLTG,0.0
V175I,PLSPLPAVARAELDARTEREIDRARLRRADNGFFRSARDVESVSPADGHAVAVWWRQMTKAFMFTTLAGLGALARDYARRDADRELLGAFQTVYQVIGDDLDNAAPEFSAVAPTGPAGIHYVWWDDTIVAPLAAHVTEADRRAAEELPAPVRELLAAMDRLAAEPLGSAVQLRVIETIALDIAVGFRRVYGKVLAGGEPVFGEKDQFAWIDAHIKAETVHAAQVSDDETGMTGLVTDAERGEEFVRLVEEYAGLWSAALECFGDRLTG,0.0
V175L,PLSPLPAVARAELDARTEREIDRARLRRADNGFFRSARDVESVSPADGHAVAVWWRQMTKAFMFTTLAGLGALARDYARRDADRELLGAFQTVYQVIGDDLDNAAPEFSAVAPTGPAGIHYVWWDDTIVAPLAAHVTEADRRAAEELPAPVRELLAAMDRLAAEPLGSAVQLRVLETIALDIAVGFRRVYGKVLAGGEPVFGEKDQFAWIDAHIKAETVHAAQVSDDETGMTGLVTDAERGEEFVRLVEEYAGLWSAALECFGDRLTG,0.0
V175K,PLSPLPAVARAELDARTEREIDRARLRRADNGFFRSARDVESVSPADGHAVAVWWRQMTKAFMFTTLAGLGALARDYARRDADRELLGAFQTVYQVIGDDLDNAAPEFSAVAPTGPAGIHYVWWDDTIVAPLAAHVTEADRRAAEELPAPVRELLAAMDRLAAEPLGSAVQLRVKETIALDIAVGFRRVYGKVLAGGEPVFGEKDQFAWIDAHIKAETVHAAQVSDDETGMTGLVTDAERGEEFVRLVEEYAGLWSAALECFGDRLTG,0.0
V175M,PLSPLPAVARAELDARTEREIDRARLRRADNGFFRSARDVESVSPADGHAVAVWWRQMTKAFMFTTLAGLGALARDYARRDADRELLGAFQTVYQVIGDDLDNAAPEFSAVAPTGPAGIHYVWWDDTIVAPLAAHVTEADRRAAEELPAPVRELLAAMDRLAAEPLGSAVQLRVMETIALDIAVGFRRVYGKVLAGGEPVFGEKDQFAWIDAHIKAETVHAAQVSDDETGMTGLVTDAERGEEFVRLVEEYAGLWSAALECFGDRLTG,0.0
V175F,PLSPLPAVARAELDARTEREIDRARLRRADNGFFRSARDVESVSPADGHAVAVWWRQMTKAFMFTTLAGLGALARDYARRDADRELLGAFQTVYQVIGDDLDNAAPEFSAVAPTGPAGIHYVWWDDTIVAPLAAHVTEADRRAAEELPAPVRELLAAMDRLAAEPLGSAVQLRVFETIALDIAVGFRRVYGKVLAGGEPVFGEKDQFAWIDAHIKAETVHAAQVSDDETGMTGLVTDAERGEEFVRLVEEYAGLWSAALECFGDRLTG,0.0
V175P,PLSPLPAVARAELDARTEREIDRARLRRADNGFFRSARDVESVSPADGHAVAVWWRQMTKAFMFTTLAGLGALARDYARRDADRELLGAFQTVYQVIGDDLDNAAPEFSAVAPTGPAGIHYVWWDDTIVAPLAAHVTEADRRAAEELPAPVRELLAAMDRLAAEPLGSAVQLRVPETIALDIAVGFRRVYGKVLAGGEPVFGEKDQFAWIDAHIKAETVHAAQVSDDETGMTGLVTDAERGEEFVRLVEEYAGLWSAALECFGDRLTG,0.0
V175S,PLSPLPAVARAELDARTEREIDRARLRRADNGFFRSARDVESVSPADGHAVAVWWRQMTKAFMFTTLAGLGALARDYARRDADRELLGAFQTVYQVIGDDLDNAAPEFSAVAPTGPAGIHYVWWDDTIVAPLAAHVTEADRRAAEELPAPVRELLAAMDRLAAEPLGSAVQLRVSETIALDIAVGFRRVYGKVLAGGEPVFGEKDQFAWIDAHIKAETVHAAQVSDDETGMTGLVTDAERGEEFVRLVEEYAGLWSAALECFGDRLTG,0.0
V175T,PLSPLPAVARAELDARTEREIDRARLRRADNGFFRSARDVESVSPADGHAVAVWWRQMTKAFMFTTLAGLGALARDYARRDADRELLGAFQTVYQVIGDDLDNAAPEFSAVAPTGPAGIHYVWWDDTIVAPLAAHVTEADRRAAEELPAPVRELLAAMDRLAAEPLGSAVQLRVTETIALDIAVGFRRVYGKVLAGGEPVFGEKDQFAWIDAHIKAETVHAAQVSDDETGMTGLVTDAERGEEFVRLVEEYAGLWSAALECFGDRLTG,0.0
V175W,PLSPLPAVARAELDARTEREIDRARLRRADNGFFRSARDVESVSPADGHAVAVWWRQMTKAFMFTTLAGLGALARDYARRDADRELLGAFQTVYQVIGDDLDNAAPEFSAVAPTGPAGIHYVWWDDTIVAPLAAHVTEADRRAAEELPAPVRELLAAMDRLAAEPLGSAVQLRVWETIALDIAVGFRRVYGKVLAGGEPVFGEKDQFAWIDAHIKAETVHAAQVSDDETGMTGLVTDAERGEEFVRLVEEYAGLWSAALECFGDRLTG,0.0
V175Y,PLSPLPAVARAELDARTEREIDRARLRRADNGFFRSARDVESVSPADGHAVAVWWRQMTKAFMFTTLAGLGALARDYARRDADRELLGAFQTVYQVIGDDLDNAAPEFSAVAPTGPAGIHYVWWDDTIVAPLAAHVTEADRRAAEELPAPVRELLAAMDRLAAEPLGSAVQLRVYETIALDIAVGFRRVYGKVLAGGEPVFGEKDQFAWIDAHIKAETVHAAQVSDDETGMTGLVTDAERGEEFVRLVEEYAGLWSAALECFGDRLTG,0.0
I178A,PLSPLPAVARAELDARTEREIDRARLRRADNGFFRSARDVESVSPADGHAVAVWWRQMTKAFMFTTLAGLGALARDYARRDADRELLGAFQTVYQVIGDDLDNAAPEFSAVAPTGPAGIHYVWWDDTIVAPLAAHVTEADRRAAEELPAPVRELLAAMDRLAAEPLGSAVQLRVVETAALDIAVGFRRVYGKVLAGGEPVFGEKDQFAWIDAHIKAETVHAAQVSDDETGMTGLVTDAERGEEFVRLVEEYAGLWSAALECFGDRLTG,0.0
I178R,PLSPLPAVARAELDARTEREIDRARLRRADNGFFRSARDVESVSPADGHAVAVWWRQMTKAFMFTTLAGLGALARDYARRDADRELLGAFQTVYQVIGDDLDNAAPEFSAVAPTGPAGIHYVWWDDTIVAPLAAHVTEADRRAAEELPAPVRELLAAMDRLAAEPLGSAVQLRVVETRALDIAVGFRRVYGKVLAGGEPVFGEKDQFAWIDAHIKAETVHAAQVSDDETGMTGLVTDAERGEEFVRLVEEYAGLWSAALECFGDRLTG,0.0
I178N,PLSPLPAVARAELDARTEREIDRARLRRADNGFFRSARDVESVSPADGHAVAVWWRQMTKAFMFTTLAGLGALARDYARRDADRELLGAFQTVYQVIGDDLDNAAPEFSAVAPTGPAGIHYVWWDDTIVAPLAAHVTEADRRAAEELPAPVRELLAAMDRLAAEPLGSAVQLRVVETNALDIAVGFRRVYGKVLAGGEPVFGEKDQFAWIDAHIKAETVHAAQVSDDETGMTGLVTDAERGEEFVRLVEEYAGLWSAALECFGDRLTG,0.0
I178D,PLSPLPAVARAELDARTEREIDRARLRRADNGFFRSARDVESVSPADGHAVAVWWRQMTKAFMFTTLAGLGALARDYARRDADRELLGAFQTVYQVIGDDLDNAAPEFSAVAPTGPAGIHYVWWDDTIVAPLAAHVTEADRRAAEELPAPVRELLAAMDRLAAEPLGSAVQLRVVETDALDIAVGFRRVYGKVLAGGEPVFGEKDQFAWIDAHIKAETVHAAQVSDDETGMTGLVTDAERGEEFVRLVEEYAGLWSAALECFGDRLTG,0.0
I178C,PLSPLPAVARAELDARTEREIDRARLRRADNGFFRSARDVESVSPADGHAVAVWWRQMTKAFMFTTLAGLGALARDYARRDADRELLGAFQTVYQVIGDDLDNAAPEFSAVAPTGPAGIHYVWWDDTIVAPLAAHVTEADRRAAEELPAPVRELLAAMDRLAAEPLGSAVQLRVVETCALDIAVGFRRVYGKVLAGGEPVFGEKDQFAWIDAHIKAETVHAAQVSDDETGMTGLVTDAERGEEFVRLVEEYAGLWSAALECFGDRLTG,0.0
I178Q,PLSPLPAVARAELDARTEREIDRARLRRADNGFFRSARDVESVSPADGHAVAVWWRQMTKAFMFTTLAGLGALARDYARRDADRELLGAFQTVYQVIGDDLDNAAPEFSAVAPTGPAGIHYVWWDDTIVAPLAAHVTEADRRAAEELPAPVRELLAAMDRLAAEPLGSAVQLRVVETQALDIAVGFRRVYGKVLAGGEPVFGEKDQFAWIDAHIKAETVHAAQVSDDETGMTGLVTDAERGEEFVRLVEEYAGLWSAALECFGDRLTG,0.0
I178E,PLSPLPAVARAELDARTEREIDRARLRRADNGFFRSARDVESVSPADGHAVAVWWRQMTKAFMFTTLAGLGALARDYARRDADRELLGAFQTVYQVIGDDLDNAAPEFSAVAPTGPAGIHYVWWDDTIVAPLAAHVTEADRRAAEELPAPVRELLAAMDRLAAEPLGSAVQLRVVETEALDIAVGFRRVYGKVLAGGEPVFGEKDQFAWIDAHIKAETVHAAQVSDDETGMTGLVTDAERGEEFVRLVEEYAGLWSAALECFGDRLTG,0.0
I178G,PLSPLPAVARAELDARTEREIDRARLRRADNGFFRSARDVESVSPADGHAVAVWWRQMTKAFMFTTLAGLGALARDYARRDADRELLGAFQTVYQVIGDDLDNAAPEFSAVAPTGPAGIHYVWWDDTIVAPLAAHVTEADRRAAEELPAPVRELLAAMDRLAAEPLGSAVQLRVVETGALDIAVGFRRVYGKVLAGGEPVFGEKDQFAWIDAHIKAETVHAAQVSDDETGMTGLVTDAERGEEFVRLVEEYAGLWSAALECFGDRLTG,0.0
I178H,PLSPLPAVARAELDARTEREIDRARLRRADNGFFRSARDVESVSPADGHAVAVWWRQMTKAFMFTTLAGLGALARDYARRDADRELLGAFQTVYQVIGDDLDNAAPEFSAVAPTGPAGIHYVWWDDTIVAPLAAHVTEADRRAAEELPAPVRELLAAMDRLAAEPLGSAVQLRVVETHALDIAVGFRRVYGKVLAGGEPVFGEKDQFAWIDAHIKAETVHAAQVSDDETGMTGLVTDAERGEEFVRLVEEYAGLWSAALECFGDRLTG,0.0
I178L,PLSPLPAVARAELDARTEREIDRARLRRADNGFFRSARDVESVSPADGHAVAVWWRQMTKAFMFTTLAGLGALARDYARRDADRELLGAFQTVYQVIGDDLDNAAPEFSAVAPTGPAGIHYVWWDDTIVAPLAAHVTEADRRAAEELPAPVRELLAAMDRLAAEPLGSAVQLRVVETLALDIAVGFRRVYGKVLAGGEPVFGEKDQFAWIDAHIKAETVHAAQVSDDETGMTGLVTDAERGEEFVRLVEEYAGLWSAALECFGDRLTG,0.0
I178K,PLSPLPAVARAELDARTEREIDRARLRRADNGFFRSARDVESVSPADGHAVAVWWRQMTKAFMFTTLAGLGALARDYARRDADRELLGAFQTVYQVIGDDLDNAAPEFSAVAPTGPAGIHYVWWDDTIVAPLAAHVTEADRRAAEELPAPVRELLAAMDRLAAEPLGSAVQLRVVETKALDIAVGFRRVYGKVLAGGEPVFGEKDQFAWIDAHIKAETVHAAQVSDDETGMTGLVTDAERGEEFVRLVEEYAGLWSAALECFGDRLTG,0.0
I178M,PLSPLPAVARAELDARTEREIDRARLRRADNGFFRSARDVESVSPADGHAVAVWWRQMTKAFMFTTLAGLGALARDYARRDADRELLGAFQTVYQVIGDDLDNAAPEFSAVAPTGPAGIHYVWWDDTIVAPLAAHVTEADRRAAEELPAPVRELLAAMDRLAAEPLGSAVQLRVVETMALDIAVGFRRVYGKVLAGGEPVFGEKDQFAWIDAHIKAETVHAAQVSDDETGMTGLVTDAERGEEFVRLVEEYAGLWSAALECFGDRLTG,0.0
I178F,PLSPLPAVARAELDARTEREIDRARLRRADNGFFRSARDVESVSPADGHAVAVWWRQMTKAFMFTTLAGLGALARDYARRDADRELLGAFQTVYQVIGDDLDNAAPEFSAVAPTGPAGIHYVWWDDTIVAPLAAHVTEADRRAAEELPAPVRELLAAMDRLAAEPLGSAVQLRVVETFALDIAVGFRRVYGKVLAGGEPVFGEKDQFAWIDAHIKAETVHAAQVSDDETGMTGLVTDAERGEEFVRLVEEYAGLWSAALECFGDRLTG,0.0
I178P,PLSPLPAVARAELDARTEREIDRARLRRADNGFFRSARDVESVSPADGHAVAVWWRQMTKAFMFTTLAGLGALARDYARRDADRELLGAFQTVYQVIGDDLDNAAPEFSAVAPTGPAGIHYVWWDDTIVAPLAAHVTEADRRAAEELPAPVRELLAAMDRLAAEPLGSAVQLRVVETPALDIAVGFRRVYGKVLAGGEPVFGEKDQFAWIDAHIKAETVHAAQVSDDETGMTGLVTDAERGEEFVRLVEEYAGLWSAALECFGDRLTG,0.0
I178S,PLSPLPAVARAELDARTEREIDRARLRRADNGFFRSARDVESVSPADGHAVAVWWRQMTKAFMFTTLAGLGALARDYARRDADRELLGAFQTVYQVIGDDLDNAAPEFSAVAPTGPAGIHYVWWDDTIVAPLAAHVTEADRRAAEELPAPVRELLAAMDRLAAEPLGSAVQLRVVETSALDIAVGFRRVYGKVLAGGEPVFGEKDQFAWIDAHIKAETVHAAQVSDDETGMTGLVTDAERGEEFVRLVEEYAGLWSAALECFGDRLTG,0.0
I178T,PLSPLPAVARAELDARTEREIDRARLRRADNGFFRSARDVESVSPADGHAVAVWWRQMTKAFMFTTLAGLGALARDYARRDADRELLGAFQTVYQVIGDDLDNAAPEFSAVAPTGPAGIHYVWWDDTIVAPLAAHVTEADRRAAEELPAPVRELLAAMDRLAAEPLGSAVQLRVVETTALDIAVGFRRVYGKVLAGGEPVFGEKDQFAWIDAHIKAETVHAAQVSDDETGMTGLVTDAERGEEFVRLVEEYAGLWSAALECFGDRLTG,0.0
I178W,PLSPLPAVARAELDARTEREIDRARLRRADNGFFRSARDVESVSPADGHAVAVWWRQMTKAFMFTTLAGLGALARDYARRDADRELLGAFQTVYQVIGDDLDNAAPEFSAVAPTGPAGIHYVWWDDTIVAPLAAHVTEADRRAAEELPAPVRELLAAMDRLAAEPLGSAVQLRVVETWALDIAVGFRRVYGKVLAGGEPVFGEKDQFAWIDAHIKAETVHAAQVSDDETGMTGLVTDAERGEEFVRLVEEYAGLWSAALECFGDRLTG,0.0
I178Y,PLSPLPAVARAELDARTEREIDRARLRRADNGFFRSARDVESVSPADGHAVAVWWRQMTKAFMFTTLAGLGALARDYARRDADRELLGAFQTVYQVIGDDLDNAAPEFSAVAPTGPAGIHYVWWDDTIVAPLAAHVTEADRRAAEELPAPVRELLAAMDRLAAEPLGSAVQLRVVETYALDIAVGFRRVYGKVLAGGEPVFGEKDQFAWIDAHIKAETVHAAQVSDDETGMTGLVTDAERGEEFVRLVEEYAGLWSAALECFGDRLTG,0.0
I178V,PLSPLPAVARAELDARTEREIDRARLRRADNGFFRSARDVESVSPADGHAVAVWWRQMTKAFMFTTLAGLGALARDYARRDADRELLGAFQTVYQVIGDDLDNAAPEFSAVAPTGPAGIHYVWWDDTIVAPLAAHVTEADRRAAEELPAPVRELLAAMDRLAAEPLGSAVQLRVVETVALDIAVGFRRVYGKVLAGGEPVFGEKDQFAWIDAHIKAETVHAAQVSDDETGMTGLVTDAERGEEFVRLVEEYAGLWSAALECFGDRLTG,0.0
A179R,PLSPLPAVARAELDARTEREIDRARLRRADNGFFRSARDVESVSPADGHAVAVWWRQMTKAFMFTTLAGLGALARDYARRDADRELLGAFQTVYQVIGDDLDNAAPEFSAVAPTGPAGIHYVWWDDTIVAPLAAHVTEADRRAAEELPAPVRELLAAMDRLAAEPLGSAVQLRVVETIRLDIAVGFRRVYGKVLAGGEPVFGEKDQFAWIDAHIKAETVHAAQVSDDETGMTGLVTDAERGEEFVRLVEEYAGLWSAALECFGDRLTG,0.0
A179N,PLSPLPAVARAELDARTEREIDRARLRRADNGFFRSARDVESVSPADGHAVAVWWRQMTKAFMFTTLAGLGALARDYARRDADRELLGAFQTVYQVIGDDLDNAAPEFSAVAPTGPAGIHYVWWDDTIVAPLAAHVTEADRRAAEELPAPVRELLAAMDRLAAEPLGSAVQLRVVETINLDIAVGFRRVYGKVLAGGEPVFGEKDQFAWIDAHIKAETVHAAQVSDDETGMTGLVTDAERGEEFVRLVEEYAGLWSAALECFGDRLTG,0.0
A179D,PLSPLPAVARAELDARTEREIDRARLRRADNGFFRSARDVESVSPADGHAVAVWWRQMTKAFMFTTLAGLGALARDYARRDADRELLGAFQTVYQVIGDDLDNAAPEFSAVAPTGPAGIHYVWWDDTIVAPLAAHVTEADRRAAEELPAPVRELLAAMDRLAAEPLGSAVQLRVVETIDLDIAVGFRRVYGKVLAGGEPVFGEKDQFAWIDAHIKAETVHAAQVSDDETGMTGLVTDAERGEEFVRLVEEYAGLWSAALECFGDRLTG,0.0
A179C,PLSPLPAVARAELDARTEREIDRARLRRADNGFFRSARDVESVSPADGHAVAVWWRQMTKAFMFTTLAGLGALARDYARRDADRELLGAFQTVYQVIGDDLDNAAPEFSAVAPTGPAGIHYVWWDDTIVAPLAAHVTEADRRAAEELPAPVRELLAAMDRLAAEPLGSAVQLRVVETICLDIAVGFRRVYGKVLAGGEPVFGEKDQFAWIDAHIKAETVHAAQVSDDETGMTGLVTDAERGEEFVRLVEEYAGLWSAALECFGDRLTG,0.0
A179Q,PLSPLPAVARAELDARTEREIDRARLRRADNGFFRSARDVESVSPADGHAVAVWWRQMTKAFMFTTLAGLGALARDYARRDADRELLGAFQTVYQVIGDDLDNAAPEFSAVAPTGPAGIHYVWWDDTIVAPLAAHVTEADRRAAEELPAPVRELLAAMDRLAAEPLGSAVQLRVVETIQLDIAVGFRRVYGKVLAGGEPVFGEKDQFAWIDAHIKAETVHAAQVSDDETGMTGLVTDAERGEEFVRLVEEYAGLWSAALECFGDRLTG,0.0
A179E,PLSPLPAVARAELDARTEREIDRARLRRADNGFFRSARDVESVSPADGHAVAVWWRQMTKAFMFTTLAGLGALARDYARRDADRELLGAFQTVYQVIGDDLDNAAPEFSAVAPTGPAGIHYVWWDDTIVAPLAAHVTEADRRAAEELPAPVRELLAAMDRLAAEPLGSAVQLRVVETIELDIAVGFRRVYGKVLAGGEPVFGEKDQFAWIDAHIKAETVHAAQVSDDETGMTGLVTDAERGEEFVRLVEEYAGLWSAALECFGDRLTG,0.0
A179G,PLSPLPAVARAELDARTEREIDRARLRRADNGFFRSARDVESVSPADGHAVAVWWRQMTKAFMFTTLAGLGALARDYARRDADRELLGAFQTVYQVIGDDLDNAAPEFSAVAPTGPAGIHYVWWDDTIVAPLAAHVTEADRRAAEELPAPVRELLAAMDRLAAEPLGSAVQLRVVETIGLDIAVGFRRVYGKVLAGGEPVFGEKDQFAWIDAHIKAETVHAAQVSDDETGMTGLVTDAERGEEFVRLVEEYAGLWSAALECFGDRLTG,0.0
A179H,PLSPLPAVARAELDARTEREIDRARLRRADNGFFRSARDVESVSPADGHAVAVWWRQMTKAFMFTTLAGLGALARDYARRDADRELLGAFQTVYQVIGDDLDNAAPEFSAVAPTGPAGIHYVWWDDTIVAPLAAHVTEADRRAAEELPAPVRELLAAMDRLAAEPLGSAVQLRVVETIHLDIAVGFRRVYGKVLAGGEPVFGEKDQFAWIDAHIKAETVHAAQVSDDETGMTGLVTDAERGEEFVRLVEEYAGLWSAALECFGDRLTG,0.0
A179I,PLSPLPAVARAELDARTEREIDRARLRRADNGFFRSARDVESVSPADGHAVAVWWRQMTKAFMFTTLAGLGALARDYARRDADRELLGAFQTVYQVIGDDLDNAAPEFSAVAPTGPAGIHYVWWDDTIVAPLAAHVTEADRRAAEELPAPVRELLAAMDRLAAEPLGSAVQLRVVETIILDIAVGFRRVYGKVLAGGEPVFGEKDQFAWIDAHIKAETVHAAQVSDDETGMTGLVTDAERGEEFVRLVEEYAGLWSAALECFGDRLTG,0.0
A179L,PLSPLPAVARAELDARTEREIDRARLRRADNGFFRSARDVESVSPADGHAVAVWWRQMTKAFMFTTLAGLGALARDYARRDADRELLGAFQTVYQVIGDDLDNAAPEFSAVAPTGPAGIHYVWWDDTIVAPLAAHVTEADRRAAEELPAPVRELLAAMDRLAAEPLGSAVQLRVVETILLDIAVGFRRVYGKVLAGGEPVFGEKDQFAWIDAHIKAETVHAAQVSDDETGMTGLVTDAERGEEFVRLVEEYAGLWSAALECFGDRLTG,0.0
A179K,PLSPLPAVARAELDARTEREIDRARLRRADNGFFRSARDVESVSPADGHAVAVWWRQMTKAFMFTTLAGLGALARDYARRDADRELLGAFQTVYQVIGDDLDNAAPEFSAVAPTGPAGIHYVWWDDTIVAPLAAHVTEADRRAAEELPAPVRELLAAMDRLAAEPLGSAVQLRVVETIKLDIAVGFRRVYGKVLAGGEPVFGEKDQFAWIDAHIKAETVHAAQVSDDETGMTGLVTDAERGEEFVRLVEEYAGLWSAALECFGDRLTG,0.0
A179M,PLSPLPAVARAELDARTEREIDRARLRRADNGFFRSARDVESVSPADGHAVAVWWRQMTKAFMFTTLAGLGALARDYARRDADRELLGAFQTVYQVIGDDLDNAAPEFSAVAPTGPAGIHYVWWDDTIVAPLAAHVTEADRRAAEELPAPVRELLAAMDRLAAEPLGSAVQLRVVETIMLDIAVGFRRVYGKVLAGGEPVFGEKDQFAWIDAHIKAETVHAAQVSDDETGMTGLVTDAERGEEFVRLVEEYAGLWSAALECFGDRLTG,0.0
A179F,PLSPLPAVARAELDARTEREIDRARLRRADNGFFRSARDVESVSPADGHAVAVWWRQMTKAFMFTTLAGLGALARDYARRDADRELLGAFQTVYQVIGDDLDNAAPEFSAVAPTGPAGIHYVWWDDTIVAPLAAHVTEADRRAAEELPAPVRELLAAMDRLAAEPLGSAVQLRVVETIFLDIAVGFRRVYGKVLAGGEPVFGEKDQFAWIDAHIKAETVHAAQVSDDETGMTGLVTDAERGEEFVRLVEEYAGLWSAALECFGDRLTG,0.0
A179P,PLSPLPAVARAELDARTEREIDRARLRRADNGFFRSARDVESVSPADGHAVAVWWRQMTKAFMFTTLAGLGALARDYARRDADRELLGAFQTVYQVIGDDLDNAAPEFSAVAPTGPAGIHYVWWDDTIVAPLAAHVTEADRRAAEELPAPVRELLAAMDRLAAEPLGSAVQLRVVETIPLDIAVGFRRVYGKVLAGGEPVFGEKDQFAWIDAHIKAETVHAAQVSDDETGMTGLVTDAERGEEFVRLVEEYAGLWSAALECFGDRLTG,0.0
A179S,PLSPLPAVARAELDARTEREIDRARLRRADNGFFRSARDVESVSPADGHAVAVWWRQMTKAFMFTTLAGLGALARDYARRDADRELLGAFQTVYQVIGDDLDNAAPEFSAVAPTGPAGIHYVWWDDTIVAPLAAHVTEADRRAAEELPAPVRELLAAMDRLAAEPLGSAVQLRVVETISLDIAVGFRRVYGKVLAGGEPVFGEKDQFAWIDAHIKAETVHAAQVSDDETGMTGLVTDAERGEEFVRLVEEYAGLWSAALECFGDRLTG,0.0
A179T,PLSPLPAVARAELDARTEREIDRARLRRADNGFFRSARDVESVSPADGHAVAVWWRQMTKAFMFTTLAGLGALARDYARRDADRELLGAFQTVYQVIGDDLDNAAPEFSAVAPTGPAGIHYVWWDDTIVAPLAAHVTEADRRAAEELPAPVRELLAAMDRLAAEPLGSAVQLRVVETITLDIAVGFRRVYGKVLAGGEPVFGEKDQFAWIDAHIKAETVHAAQVSDDETGMTGLVTDAERGEEFVRLVEEYAGLWSAALECFGDRLTG,0.0
A179W,PLSPLPAVARAELDARTEREIDRARLRRADNGFFRSARDVESVSPADGHAVAVWWRQMTKAFMFTTLAGLGALARDYARRDADRELLGAFQTVYQVIGDDLDNAAPEFSAVAPTGPAGIHYVWWDDTIVAPLAAHVTEADRRAAEELPAPVRELLAAMDRLAAEPLGSAVQLRVVETIWLDIAVGFRRVYGKVLAGGEPVFGEKDQFAWIDAHIKAETVHAAQVSDDETGMTGLVTDAERGEEFVRLVEEYAGLWSAALECFGDRLTG,0.0
A179Y,PLSPLPAVARAELDARTEREIDRARLRRADNGFFRSARDVESVSPADGHAVAVWWRQMTKAFMFTTLAGLGALARDYARRDADRELLGAFQTVYQVIGDDLDNAAPEFSAVAPTGPAGIHYVWWDDTIVAPLAAHVTEADRRAAEELPAPVRELLAAMDRLAAEPLGSAVQLRVVETIYLDIAVGFRRVYGKVLAGGEPVFGEKDQFAWIDAHIKAETVHAAQVSDDETGMTGLVTDAERGEEFVRLVEEYAGLWSAALECFGDRLTG,0.0
A179V,PLSPLPAVARAELDARTEREIDRARLRRADNGFFRSARDVESVSPADGHAVAVWWRQMTKAFMFTTLAGLGALARDYARRDADRELLGAFQTVYQVIGDDLDNAAPEFSAVAPTGPAGIHYVWWDDTIVAPLAAHVTEADRRAAEELPAPVRELLAAMDRLAAEPLGSAVQLRVVETIVLDIAVGFRRVYGKVLAGGEPVFGEKDQFAWIDAHIKAETVHAAQVSDDETGMTGLVTDAERGEEFVRLVEEYAGLWSAALECFGDRLTG,0.0
I182A,PLSPLPAVARAELDARTEREIDRARLRRADNGFFRSARDVESVSPADGHAVAVWWRQMTKAFMFTTLAGLGALARDYARRDADRELLGAFQTVYQVIGDDLDNAAPEFSAVAPTGPAGIHYVWWDDTIVAPLAAHVTEADRRAAEELPAPVRELLAAMDRLAAEPLGSAVQLRVVETIALDAAVGFRRVYGKVLAGGEPVFGEKDQFAWIDAHIKAETVHAAQVSDDETGMTGLVTDAERGEEFVRLVEEYAGLWSAALECFGDRLTG,0.0
I182R,PLSPLPAVARAELDARTEREIDRARLRRADNGFFRSARDVESVSPADGHAVAVWWRQMTKAFMFTTLAGLGALARDYARRDADRELLGAFQTVYQVIGDDLDNAAPEFSAVAPTGPAGIHYVWWDDTIVAPLAAHVTEADRRAAEELPAPVRELLAAMDRLAAEPLGSAVQLRVVETIALDRAVGFRRVYGKVLAGGEPVFGEKDQFAWIDAHIKAETVHAAQVSDDETGMTGLVTDAERGEEFVRLVEEYAGLWSAALECFGDRLTG,0.0
I182N,PLSPLPAVARAELDARTEREIDRARLRRADNGFFRSARDVESVSPADGHAVAVWWRQMTKAFMFTTLAGLGALARDYARRDADRELLGAFQTVYQVIGDDLDNAAPEFSAVAPTGPAGIHYVWWDDTIVAPLAAHVTEADRRAAEELPAPVRELLAAMDRLAAEPLGSAVQLRVVETIALDNAVGFRRVYGKVLAGGEPVFGEKDQFAWIDAHIKAETVHAAQVSDDETGMTGLVTDAERGEEFVRLVEEYAGLWSAALECFGDRLTG,0.0
I182D,PLSPLPAVARAELDARTEREIDRARLRRADNGFFRSARDVESVSPADGHAVAVWWRQMTKAFMFTTLAGLGALARDYARRDADRELLGAFQTVYQVIGDDLDNAAPEFSAVAPTGPAGIHYVWWDDTIVAPLAAHVTEADRRAAEELPAPVRELLAAMDRLAAEPLGSAVQLRVVETIALDDAVGFRRVYGKVLAGGEPVFGEKDQFAWIDAHIKAETVHAAQVSDDETGMTGLVTDAERGEEFVRLVEEYAGLWSAALECFGDRLTG,0.0
I182C,PLSPLPAVARAELDARTEREIDRARLRRADNGFFRSARDVESVSPADGHAVAVWWRQMTKAFMFTTLAGLGALARDYARRDADRELLGAFQTVYQVIGDDLDNAAPEFSAVAPTGPAGIHYVWWDDTIVAPLAAHVTEADRRAAEELPAPVRELLAAMDRLAAEPLGSAVQLRVVETIALDCAVGFRRVYGKVLAGGEPVFGEKDQFAWIDAHIKAETVHAAQVSDDETGMTGLVTDAERGEEFVRLVEEYAGLWSAALECFGDRLTG,0.0
I182Q,PLSPLPAVARAELDARTEREIDRARLRRADNGFFRSARDVESVSPADGHAVAVWWRQMTKAFMFTTLAGLGALARDYARRDADRELLGAFQTVYQVIGDDLDNAAPEFSAVAPTGPAGIHYVWWDDTIVAPLAAHVTEADRRAAEELPAPVRELLAAMDRLAAEPLGSAVQLRVVETIALDQAVGFRRVYGKVLAGGEPVFGEKDQFAWIDAHIKAETVHAAQVSDDETGMTGLVTDAERGEEFVRLVEEYAGLWSAALECFGDRLTG,0.0
I182E,PLSPLPAVARAELDARTEREIDRARLRRADNGFFRSARDVESVSPADGHAVAVWWRQMTKAFMFTTLAGLGALARDYARRDADRELLGAFQTVYQVIGDDLDNAAPEFSAVAPTGPAGIHYVWWDDTIVAPLAAHVTEADRRAAEELPAPVRELLAAMDRLAAEPLGSAVQLRVVETIALDEAVGFRRVYGKVLAGGEPVFGEKDQFAWIDAHIKAETVHAAQVSDDETGMTGLVTDAERGEEFVRLVEEYAGLWSAALECFGDRLTG,0.0
I182G,PLSPLPAVARAELDARTEREIDRARLRRADNGFFRSARDVESVSPADGHAVAVWWRQMTKAFMFTTLAGLGALARDYARRDADRELLGAFQTVYQVIGDDLDNAAPEFSAVAPTGPAGIHYVWWDDTIVAPLAAHVTEADRRAAEELPAPVRELLAAMDRLAAEPLGSAVQLRVVETIALDGAVGFRRVYGKVLAGGEPVFGEKDQFAWIDAHIKAETVHAAQVSDDETGMTGLVTDAERGEEFVRLVEEYAGLWSAALECFGDRLTG,0.0
I182H,PLSPLPAVARAELDARTEREIDRARLRRADNGFFRSARDVESVSPADGHAVAVWWRQMTKAFMFTTLAGLGALARDYARRDADRELLGAFQTVYQVIGDDLDNAAPEFSAVAPTGPAGIHYVWWDDTIVAPLAAHVTEADRRAAEELPAPVRELLAAMDRLAAEPLGSAVQLRVVETIALDHAVGFRRVYGKVLAGGEPVFGEKDQFAWIDAHIKAETVHAAQVSDDETGMTGLVTDAERGEEFVRLVEEYAGLWSAALECFGDRLTG,0.0
I182L,PLSPLPAVARAELDARTEREIDRARLRRADNGFFRSARDVESVSPADGHAVAVWWRQMTKAFMFTTLAGLGALARDYARRDADRELLGAFQTVYQVIGDDLDNAAPEFSAVAPTGPAGIHYVWWDDTIVAPLAAHVTEADRRAAEELPAPVRELLAAMDRLAAEPLGSAVQLRVVETIALDLAVGFRRVYGKVLAGGEPVFGEKDQFAWIDAHIKAETVHAAQVSDDETGMTGLVTDAERGEEFVRLVEEYAGLWSAALECFGDRLTG,0.0
I182K,PLSPLPAVARAELDARTEREIDRARLRRADNGFFRSARDVESVSPADGHAVAVWWRQMTKAFMFTTLAGLGALARDYARRDADRELLGAFQTVYQVIGDDLDNAAPEFSAVAPTGPAGIHYVWWDDTIVAPLAAHVTEADRRAAEELPAPVRELLAAMDRLAAEPLGSAVQLRVVETIALDKAVGFRRVYGKVLAGGEPVFGEKDQFAWIDAHIKAETVHAAQVSDDETGMTGLVTDAERGEEFVRLVEEYAGLWSAALECFGDRLTG,0.0
I182M,PLSPLPAVARAELDARTEREIDRARLRRADNGFFRSARDVESVSPADGHAVAVWWRQMTKAFMFTTLAGLGALARDYARRDADRELLGAFQTVYQVIGDDLDNAAPEFSAVAPTGPAGIHYVWWDDTIVAPLAAHVTEADRRAAEELPAPVRELLAAMDRLAAEPLGSAVQLRVVETIALDMAVGFRRVYGKVLAGGEPVFGEKDQFAWIDAHIKAETVHAAQVSDDETGMTGLVTDAERGEEFVRLVEEYAGLWSAALECFGDRLTG,0.0
I182F,PLSPLPAVARAELDARTEREIDRARLRRADNGFFRSARDVESVSPADGHAVAVWWRQMTKAFMFTTLAGLGALARDYARRDADRELLGAFQTVYQVIGDDLDNAAPEFSAVAPTGPAGIHYVWWDDTIVAPLAAHVTEADRRAAEELPAPVRELLAAMDRLAAEPLGSAVQLRVVETIALDFAVGFRRVYGKVLAGGEPVFGEKDQFAWIDAHIKAETVHAAQVSDDETGMTGLVTDAERGEEFVRLVEEYAGLWSAALECFGDRLTG,0.0
I182P,PLSPLPAVARAELDARTEREIDRARLRRADNGFFRSARDVESVSPADGHAVAVWWRQMTKAFMFTTLAGLGALARDYARRDADRELLGAFQTVYQVIGDDLDNAAPEFSAVAPTGPAGIHYVWWDDTIVAPLAAHVTEADRRAAEELPAPVRELLAAMDRLAAEPLGSAVQLRVVETIALDPAVGFRRVYGKVLAGGEPVFGEKDQFAWIDAHIKAETVHAAQVSDDETGMTGLVTDAERGEEFVRLVEEYAGLWSAALECFGDRLTG,0.0
I182S,PLSPLPAVARAELDARTEREIDRARLRRADNGFFRSARDVESVSPADGHAVAVWWRQMTKAFMFTTLAGLGALARDYARRDADRELLGAFQTVYQVIGDDLDNAAPEFSAVAPTGPAGIHYVWWDDTIVAPLAAHVTEADRRAAEELPAPVRELLAAMDRLAAEPLGSAVQLRVVETIALDSAVGFRRVYGKVLAGGEPVFGEKDQFAWIDAHIKAETVHAAQVSDDETGMTGLVTDAERGEEFVRLVEEYAGLWSAALECFGDRLTG,0.0
I182T,PLSPLPAVARAELDARTEREIDRARLRRADNGFFRSARDVESVSPADGHAVAVWWRQMTKAFMFTTLAGLGALARDYARRDADRELLGAFQTVYQVIGDDLDNAAPEFSAVAPTGPAGIHYVWWDDTIVAPLAAHVTEADRRAAEELPAPVRELLAAMDRLAAEPLGSAVQLRVVETIALDTAVGFRRVYGKVLAGGEPVFGEKDQFAWIDAHIKAETVHAAQVSDDETGMTGLVTDAERGEEFVRLVEEYAGLWSAALECFGDRLTG,0.0
I182W,PLSPLPAVARAELDARTEREIDRARLRRADNGFFRSARDVESVSPADGHAVAVWWRQMTKAFMFTTLAGLGALARDYARRDADRELLGAFQTVYQVIGDDLDNAAPEFSAVAPTGPAGIHYVWWDDTIVAPLAAHVTEADRRAAEELPAPVRELLAAMDRLAAEPLGSAVQLRVVETIALDWAVGFRRVYGKVLAGGEPVFGEKDQFAWIDAHIKAETVHAAQVSDDETGMTGLVTDAERGEEFVRLVEEYAGLWSAALECFGDRLTG,0.0
I182Y,PLSPLPAVARAELDARTEREIDRARLRRADNGFFRSARDVESVSPADGHAVAVWWRQMTKAFMFTTLAGLGALARDYARRDADRELLGAFQTVYQVIGDDLDNAAPEFSAVAPTGPAGIHYVWWDDTIVAPLAAHVTEADRRAAEELPAPVRELLAAMDRLAAEPLGSAVQLRVVETIALDYAVGFRRVYGKVLAGGEPVFGEKDQFAWIDAHIKAETVHAAQVSDDETGMTGLVTDAERGEEFVRLVEEYAGLWSAALECFGDRLTG,0.0
I182V,PLSPLPAVARAELDARTEREIDRARLRRADNGFFRSARDVESVSPADGHAVAVWWRQMTKAFMFTTLAGLGALARDYARRDADRELLGAFQTVYQVIGDDLDNAAPEFSAVAPTGPAGIHYVWWDDTIVAPLAAHVTEADRRAAEELPAPVRELLAAMDRLAAEPLGSAVQLRVVETIALDVAVGFRRVYGKVLAGGEPVFGEKDQFAWIDAHIKAETVHAAQVSDDETGMTGLVTDAERGEEFVRLVEEYAGLWSAALECFGDRLTG,0.0
A183R,PLSPLPAVARAELDARTEREIDRARLRRADNGFFRSARDVESVSPADGHAVAVWWRQMTKAFMFTTLAGLGALARDYARRDADRELLGAFQTVYQVIGDDLDNAAPEFSAVAPTGPAGIHYVWWDDTIVAPLAAHVTEADRRAAEELPAPVRELLAAMDRLAAEPLGSAVQLRVVETIALDIRVGFRRVYGKVLAGGEPVFGEKDQFAWIDAHIKAETVHAAQVSDDETGMTGLVTDAERGEEFVRLVEEYAGLWSAALECFGDRLTG,0.0
A183N,PLSPLPAVARAELDARTEREIDRARLRRADNGFFRSARDVESVSPADGHAVAVWWRQMTKAFMFTTLAGLGALARDYARRDADRELLGAFQTVYQVIGDDLDNAAPEFSAVAPTGPAGIHYVWWDDTIVAPLAAHVTEADRRAAEELPAPVRELLAAMDRLAAEPLGSAVQLRVVETIALDINVGFRRVYGKVLAGGEPVFGEKDQFAWIDAHIKAETVHAAQVSDDETGMTGLVTDAERGEEFVRLVEEYAGLWSAALECFGDRLTG,0.0
A183D,PLSPLPAVARAELDARTEREIDRARLRRADNGFFRSARDVESVSPADGHAVAVWWRQMTKAFMFTTLAGLGALARDYARRDADRELLGAFQTVYQVIGDDLDNAAPEFSAVAPTGPAGIHYVWWDDTIVAPLAAHVTEADRRAAEELPAPVRELLAAMDRLAAEPLGSAVQLRVVETIALDIDVGFRRVYGKVLAGGEPVFGEKDQFAWIDAHIKAETVHAAQVSDDETGMTGLVTDAERGEEFVRLVEEYAGLWSAALECFGDRLTG,0.0
A183C,PLSPLPAVARAELDARTEREIDRARLRRADNGFFRSARDVESVSPADGHAVAVWWRQMTKAFMFTTLAGLGALARDYARRDADRELLGAFQTVYQVIGDDLDNAAPEFSAVAPTGPAGIHYVWWDDTIVAPLAAHVTEADRRAAEELPAPVRELLAAMDRLAAEPLGSAVQLRVVETIALDICVGFRRVYGKVLAGGEPVFGEKDQFAWIDAHIKAETVHAAQVSDDETGMTGLVTDAERGEEFVRLVEEYAGLWSAALECFGDRLTG,0.0
A183Q,PLSPLPAVARAELDARTEREIDRARLRRADNGFFRSARDVESVSPADGHAVAVWWRQMTKAFMFTTLAGLGALARDYARRDADRELLGAFQTVYQVIGDDLDNAAPEFSAVAPTGPAGIHYVWWDDTIVAPLAAHVTEADRRAAEELPAPVRELLAAMDRLAAEPLGSAVQLRVVETIALDIQVGFRRVYGKVLAGGEPVFGEKDQFAWIDAHIKAETVHAAQVSDDETGMTGLVTDAERGEEFVRLVEEYAGLWSAALECFGDRLTG,0.0
A183E,PLSPLPAVARAELDARTEREIDRARLRRADNGFFRSARDVESVSPADGHAVAVWWRQMTKAFMFTTLAGLGALARDYARRDADRELLGAFQTVYQVIGDDLDNAAPEFSAVAPTGPAGIHYVWWDDTIVAPLAAHVTEADRRAAEELPAPVRELLAAMDRLAAEPLGSAVQLRVVETIALDIEVGFRRVYGKVLAGGEPVFGEKDQFAWIDAHIKAETVHAAQVSDDETGMTGLVTDAERGEEFVRLVEEYAGLWSAALECFGDRLTG,0.0
A183G,PLSPLPAVARAELDARTEREIDRARLRRADNGFFRSARDVESVSPADGHAVAVWWRQMTKAFMFTTLAGLGALARDYARRDADRELLGAFQTVYQVIGDDLDNAAPEFSAVAPTGPAGIHYVWWDDTIVAPLAAHVTEADRRAAEELPAPVRELLAAMDRLAAEPLGSAVQLRVVETIALDIGVGFRRVYGKVLAGGEPVFGEKDQFAWIDAHIKAETVHAAQVSDDETGMTGLVTDAERGEEFVRLVEEYAGLWSAALECFGDRLTG,0.0
A183H,PLSPLPAVARAELDARTEREIDRARLRRADNGFFRSARDVESVSPADGHAVAVWWRQMTKAFMFTTLAGLGALARDYARRDADRELLGAFQTVYQVIGDDLDNAAPEFSAVAPTGPAGIHYVWWDDTIVAPLAAHVTEADRRAAEELPAPVRELLAAMDRLAAEPLGSAVQLRVVETIALDIHVGFRRVYGKVLAGGEPVFGEKDQFAWIDAHIKAETVHAAQVSDDETGMTGLVTDAERGEEFVRLVEEYAGLWSAALECFGDRLTG,0.0
A183I,PLSPLPAVARAELDARTEREIDRARLRRADNGFFRSARDVESVSPADGHAVAVWWRQMTKAFMFTTLAGLGALARDYARRDADRELLGAFQTVYQVIGDDLDNAAPEFSAVAPTGPAGIHYVWWDDTIVAPLAAHVTEADRRAAEELPAPVRELLAAMDRLAAEPLGSAVQLRVVETIALDIIVGFRRVYGKVLAGGEPVFGEKDQFAWIDAHIKAETVHAAQVSDDETGMTGLVTDAERGEEFVRLVEEYAGLWSAALECFGDRLTG,0.0
A183L,PLSPLPAVARAELDARTEREIDRARLRRADNGFFRSARDVESVSPADGHAVAVWWRQMTKAFMFTTLAGLGALARDYARRDADRELLGAFQTVYQVIGDDLDNAAPEFSAVAPTGPAGIHYVWWDDTIVAPLAAHVTEADRRAAEELPAPVRELLAAMDRLAAEPLGSAVQLRVVETIALDILVGFRRVYGKVLAGGEPVFGEKDQFAWIDAHIKAETVHAAQVSDDETGMTGLVTDAERGEEFVRLVEEYAGLWSAALECFGDRLTG,0.0
A183K,PLSPLPAVARAELDARTEREIDRARLRRADNGFFRSARDVESVSPADGHAVAVWWRQMTKAFMFTTLAGLGALARDYARRDADRELLGAFQTVYQVIGDDLDNAAPEFSAVAPTGPAGIHYVWWDDTIVAPLAAHVTEADRRAAEELPAPVRELLAAMDRLAAEPLGSAVQLRVVETIALDIKVGFRRVYGKVLAGGEPVFGEKDQFAWIDAHIKAETVHAAQVSDDETGMTGLVTDAERGEEFVRLVEEYAGLWSAALECFGDRLTG,0.0
A183M,PLSPLPAVARAELDARTEREIDRARLRRADNGFFRSARDVESVSPADGHAVAVWWRQMTKAFMFTTLAGLGALARDYARRDADRELLGAFQTVYQVIGDDLDNAAPEFSAVAPTGPAGIHYVWWDDTIVAPLAAHVTEADRRAAEELPAPVRELLAAMDRLAAEPLGSAVQLRVVETIALDIMVGFRRVYGKVLAGGEPVFGEKDQFAWIDAHIKAETVHAAQVSDDETGMTGLVTDAERGEEFVRLVEEYAGLWSAALECFGDRLTG,0.0
A183F,PLSPLPAVARAELDARTEREIDRARLRRADNGFFRSARDVESVSPADGHAVAVWWRQMTKAFMFTTLAGLGALARDYARRDADRELLGAFQTVYQVIGDDLDNAAPEFSAVAPTGPAGIHYVWWDDTIVAPLAAHVTEADRRAAEELPAPVRELLAAMDRLAAEPLGSAVQLRVVETIALDIFVGFRRVYGKVLAGGEPVFGEKDQFAWIDAHIKAETVHAAQVSDDETGMTGLVTDAERGEEFVRLVEEYAGLWSAALECFGDRLTG,0.0
A183P,PLSPLPAVARAELDARTEREIDRARLRRADNGFFRSARDVESVSPADGHAVAVWWRQMTKAFMFTTLAGLGALARDYARRDADRELLGAFQTVYQVIGDDLDNAAPEFSAVAPTGPAGIHYVWWDDTIVAPLAAHVTEADRRAAEELPAPVRELLAAMDRLAAEPLGSAVQLRVVETIALDIPVGFRRVYGKVLAGGEPVFGEKDQFAWIDAHIKAETVHAAQVSDDETGMTGLVTDAERGEEFVRLVEEYAGLWSAALECFGDRLTG,0.0
A183S,PLSPLPAVARAELDARTEREIDRARLRRADNGFFRSARDVESVSPADGHAVAVWWRQMTKAFMFTTLAGLGALARDYARRDADRELLGAFQTVYQVIGDDLDNAAPEFSAVAPTGPAGIHYVWWDDTIVAPLAAHVTEADRRAAEELPAPVRELLAAMDRLAAEPLGSAVQLRVVETIALDISVGFRRVYGKVLAGGEPVFGEKDQFAWIDAHIKAETVHAAQVSDDETGMTGLVTDAERGEEFVRLVEEYAGLWSAALECFGDRLTG,0.0
A183T,PLSPLPAVARAELDARTEREIDRARLRRADNGFFRSARDVESVSPADGHAVAVWWRQMTKAFMFTTLAGLGALARDYARRDADRELLGAFQTVYQVIGDDLDNAAPEFSAVAPTGPAGIHYVWWDDTIVAPLAAHVTEADRRAAEELPAPVRELLAAMDRLAAEPLGSAVQLRVVETIALDITVGFRRVYGKVLAGGEPVFGEKDQFAWIDAHIKAETVHAAQVSDDETGMTGLVTDAERGEEFVRLVEEYAGLWSAALECFGDRLTG,0.0
A183W,PLSPLPAVARAELDARTEREIDRARLRRADNGFFRSARDVESVSPADGHAVAVWWRQMTKAFMFTTLAGLGALARDYARRDADRELLGAFQTVYQVIGDDLDNAAPEFSAVAPTGPAGIHYVWWDDTIVAPLAAHVTEADRRAAEELPAPVRELLAAMDRLAAEPLGSAVQLRVVETIALDIWVGFRRVYGKVLAGGEPVFGEKDQFAWIDAHIKAETVHAAQVSDDETGMTGLVTDAERGEEFVRLVEEYAGLWSAALECFGDRLTG,0.0
A183Y,PLSPLPAVARAELDARTEREIDRARLRRADNGFFRSARDVESVSPADGHAVAVWWRQMTKAFMFTTLAGLGALARDYARRDADRELLGAFQTVYQVIGDDLDNAAPEFSAVAPTGPAGIHYVWWDDTIVAPLAAHVTEADRRAAEELPAPVRELLAAMDRLAAEPLGSAVQLRVVETIALDIYVGFRRVYGKVLAGGEPVFGEKDQFAWIDAHIKAETVHAAQVSDDETGMTGLVTDAERGEEFVRLVEEYAGLWSAALECFGDRLTG,0.0
A183V,PLSPLPAVARAELDARTEREIDRARLRRADNGFFRSARDVESVSPADGHAVAVWWRQMTKAFMFTTLAGLGALARDYARRDADRELLGAFQTVYQVIGDDLDNAAPEFSAVAPTGPAGIHYVWWDDTIVAPLAAHVTEADRRAAEELPAPVRELLAAMDRLAAEPLGSAVQLRVVETIALDIVVGFRRVYGKVLAGGEPVFGEKDQFAWIDAHIKAETVHAAQVSDDETGMTGLVTDAERGEEFVRLVEEYAGLWSAALECFGDRLTG,0.0
W209A,PLSPLPAVARAELDARTEREIDRARLRRADNGFFRSARDVESVSPADGHAVAVWWRQMTKAFMFTTLAGLGALARDYARRDADRELLGAFQTVYQVIGDDLDNAAPEFSAVAPTGPAGIHYVWWDDTIVAPLAAHVTEADRRAAEELPAPVRELLAAMDRLAAEPLGSAVQLRVVETIALDIAVGFRRVYGKVLAGGEPVFGEKDQFAAIDAHIKAETVHAAQVSDDETGMTGLVTDAERGEEFVRLVEEYAGLWSAALECFGDRLTG,0.0
W209R,PLSPLPAVARAELDARTEREIDRARLRRADNGFFRSARDVESVSPADGHAVAVWWRQMTKAFMFTTLAGLGALARDYARRDADRELLGAFQTVYQVIGDDLDNAAPEFSAVAPTGPAGIHYVWWDDTIVAPLAAHVTEADRRAAEELPAPVRELLAAMDRLAAEPLGSAVQLRVVETIALDIAVGFRRVYGKVLAGGEPVFGEKDQFARIDAHIKAETVHAAQVSDDETGMTGLVTDAERGEEFVRLVEEYAGLWSAALECFGDRLTG,0.0
W209N,PLSPLPAVARAELDARTEREIDRARLRRADNGFFRSARDVESVSPADGHAVAVWWRQMTKAFMFTTLAGLGALARDYARRDADRELLGAFQTVYQVIGDDLDNAAPEFSAVAPTGPAGIHYVWWDDTIVAPLAAHVTEADRRAAEELPAPVRELLAAMDRLAAEPLGSAVQLRVVETIALDIAVGFRRVYGKVLAGGEPVFGEKDQFANIDAHIKAETVHAAQVSDDETGMTGLVTDAERGEEFVRLVEEYAGLWSAALECFGDRLTG,0.0
W209D,PLSPLPAVARAELDARTEREIDRARLRRADNGFFRSARDVESVSPADGHAVAVWWRQMTKAFMFTTLAGLGALARDYARRDADRELLGAFQTVYQVIGDDLDNAAPEFSAVAPTGPAGIHYVWWDDTIVAPLAAHVTEADRRAAEELPAPVRELLAAMDRLAAEPLGSAVQLRVVETIALDIAVGFRRVYGKVLAGGEPVFGEKDQFADIDAHIKAETVHAAQVSDDETGMTGLVTDAERGEEFVRLVEEYAGLWSAALECFGDRLTG,0.0
W209C,PLSPLPAVARAELDARTEREIDRARLRRADNGFFRSARDVESVSPADGHAVAVWWRQMTKAFMFTTLAGLGALARDYARRDADRELLGAFQTVYQVIGDDLDNAAPEFSAVAPTGPAGIHYVWWDDTIVAPLAAHVTEADRRAAEELPAPVRELLAAMDRLAAEPLGSAVQLRVVETIALDIAVGFRRVYGKVLAGGEPVFGEKDQFACIDAHIKAETVHAAQVSDDETGMTGLVTDAERGEEFVRLVEEYAGLWSAALECFGDRLTG,0.0
W209Q,PLSPLPAVARAELDARTEREIDRARLRRADNGFFRSARDVESVSPADGHAVAVWWRQMTKAFMFTTLAGLGALARDYARRDADRELLGAFQTVYQVIGDDLDNAAPEFSAVAPTGPAGIHYVWWDDTIVAPLAAHVTEADRRAAEELPAPVRELLAAMDRLAAEPLGSAVQLRVVETIALDIAVGFRRVYGKVLAGGEPVFGEKDQFAQIDAHIKAETVHAAQVSDDETGMTGLVTDAERGEEFVRLVEEYAGLWSAALECFGDRLTG,0.0
W209E,PLSPLPAVARAELDARTEREIDRARLRRADNGFFRSARDVESVSPADGHAVAVWWRQMTKAFMFTTLAGLGALARDYARRDADRELLGAFQTVYQVIGDDLDNAAPEFSAVAPTGPAGIHYVWWDDTIVAPLAAHVTEADRRAAEELPAPVRELLAAMDRLAAEPLGSAVQLRVVETIALDIAVGFRRVYGKVLAGGEPVFGEKDQFAEIDAHIKAETVHAAQVSDDETGMTGLVTDAERGEEFVRLVEEYAGLWSAALECFGDRLTG,0.0
W209G,PLSPLPAVARAELDARTEREIDRARLRRADNGFFRSARDVESVSPADGHAVAVWWRQMTKAFMFTTLAGLGALARDYARRDADRELLGAFQTVYQVIGDDLDNAAPEFSAVAPTGPAGIHYVWWDDTIVAPLAAHVTEADRRAAEELPAPVRELLAAMDRLAAEPLGSAVQLRVVETIALDIAVGFRRVYGKVLAGGEPVFGEKDQFAGIDAHIKAETVHAAQVSDDETGMTGLVTDAERGEEFVRLVEEYAGLWSAALECFGDRLTG,0.0
W209H,PLSPLPAVARAELDARTEREIDRARLRRADNGFFRSARDVESVSPADGHAVAVWWRQMTKAFMFTTLAGLGALARDYARRDADRELLGAFQTVYQVIGDDLDNAAPEFSAVAPTGPAGIHYVWWDDTIVAPLAAHVTEADRRAAEELPAPVRELLAAMDRLAAEPLGSAVQLRVVETIALDIAVGFRRVYGKVLAGGEPVFGEKDQFAHIDAHIKAETVHAAQVSDDETGMTGLVTDAERGEEFVRLVEEYAGLWSAALECFGDRLTG,0.0
W209I,PLSPLPAVARAELDARTEREIDRARLRRADNGFFRSARDVESVSPADGHAVAVWWRQMTKAFMFTTLAGLGALARDYARRDADRELLGAFQTVYQVIGDDLDNAAPEFSAVAPTGPAGIHYVWWDDTIVAPLAAHVTEADRRAAEELPAPVRELLAAMDRLAAEPLGSAVQLRVVETIALDIAVGFRRVYGKVLAGGEPVFGEKDQFAIIDAHIKAETVHAAQVSDDETGMTGLVTDAERGEEFVRLVEEYAGLWSAALECFGDRLTG,0.0
W209L,PLSPLPAVARAELDARTEREIDRARLRRADNGFFRSARDVESVSPADGHAVAVWWRQMTKAFMFTTLAGLGALARDYARRDADRELLGAFQTVYQVIGDDLDNAAPEFSAVAPTGPAGIHYVWWDDTIVAPLAAHVTEADRRAAEELPAPVRELLAAMDRLAAEPLGSAVQLRVVETIALDIAVGFRRVYGKVLAGGEPVFGEKDQFALIDAHIKAETVHAAQVSDDETGMTGLVTDAERGEEFVRLVEEYAGLWSAALECFGDRLTG,0.0
W209K,PLSPLPAVARAELDARTEREIDRARLRRADNGFFRSARDVESVSPADGHAVAVWWRQMTKAFMFTTLAGLGALARDYARRDADRELLGAFQTVYQVIGDDLDNAAPEFSAVAPTGPAGIHYVWWDDTIVAPLAAHVTEADRRAAEELPAPVRELLAAMDRLAAEPLGSAVQLRVVETIALDIAVGFRRVYGKVLAGGEPVFGEKDQFAKIDAHIKAETVHAAQVSDDETGMTGLVTDAERGEEFVRLVEEYAGLWSAALECFGDRLTG,0.0
W209M,PLSPLPAVARAELDARTEREIDRARLRRADNGFFRSARDVESVSPADGHAVAVWWRQMTKAFMFTTLAGLGALARDYARRDADRELLGAFQTVYQVIGDDLDNAAPEFSAVAPTGPAGIHYVWWDDTIVAPLAAHVTEADRRAAEELPAPVRELLAAMDRLAAEPLGSAVQLRVVETIALDIAVGFRRVYGKVLAGGEPVFGEKDQFAMIDAHIKAETVHAAQVSDDETGMTGLVTDAERGEEFVRLVEEYAGLWSAALECFGDRLTG,0.0
W209F,PLSPLPAVARAELDARTEREIDRARLRRADNGFFRSARDVESVSPADGHAVAVWWRQMTKAFMFTTLAGLGALARDYARRDADRELLGAFQTVYQVIGDDLDNAAPEFSAVAPTGPAGIHYVWWDDTIVAPLAAHVTEADRRAAEELPAPVRELLAAMDRLAAEPLGSAVQLRVVETIALDIAVGFRRVYGKVLAGGEPVFGEKDQFAFIDAHIKAETVHAAQVSDDETGMTGLVTDAERGEEFVRLVEEYAGLWSAALECFGDRLTG,0.0
W209P,PLSPLPAVARAELDARTEREIDRARLRRADNGFFRSARDVESVSPADGHAVAVWWRQMTKAFMFTTLAGLGALARDYARRDADRELLGAFQTVYQVIGDDLDNAAPEFSAVAPTGPAGIHYVWWDDTIVAPLAAHVTEADRRAAEELPAPVRELLAAMDRLAAEPLGSAVQLRVVETIALDIAVGFRRVYGKVLAGGEPVFGEKDQFAPIDAHIKAETVHAAQVSDDETGMTGLVTDAERGEEFVRLVEEYAGLWSAALECFGDRLTG,0.0
W209S,PLSPLPAVARAELDARTEREIDRARLRRADNGFFRSARDVESVSPADGHAVAVWWRQMTKAFMFTTLAGLGALARDYARRDADRELLGAFQTVYQVIGDDLDNAAPEFSAVAPTGPAGIHYVWWDDTIVAPLAAHVTEADRRAAEELPAPVRELLAAMDRLAAEPLGSAVQLRVVETIALDIAVGFRRVYGKVLAGGEPVFGEKDQFASIDAHIKAETVHAAQVSDDETGMTGLVTDAERGEEFVRLVEEYAGLWSAALECFGDRLTG,0.0
W209T,PLSPLPAVARAELDARTEREIDRARLRRADNGFFRSARDVESVSPADGHAVAVWWRQMTKAFMFTTLAGLGALARDYARRDADRELLGAFQTVYQVIGDDLDNAAPEFSAVAPTGPAGIHYVWWDDTIVAPLAAHVTEADRRAAEELPAPVRELLAAMDRLAAEPLGSAVQLRVVETIALDIAVGFRRVYGKVLAGGEPVFGEKDQFATIDAHIKAETVHAAQVSDDETGMTGLVTDAERGEEFVRLVEEYAGLWSAALECFGDRLTG,0.0
W209Y,PLSPLPAVARAELDARTEREIDRARLRRADNGFFRSARDVESVSPADGHAVAVWWRQMTKAFMFTTLAGLGALARDYARRDADRELLGAFQTVYQVIGDDLDNAAPEFSAVAPTGPAGIHYVWWDDTIVAPLAAHVTEADRRAAEELPAPVRELLAAMDRLAAEPLGSAVQLRVVETIALDIAVGFRRVYGKVLAGGEPVFGEKDQFAYIDAHIKAETVHAAQVSDDETGMTGLVTDAERGEEFVRLVEEYAGLWSAALECFGDRLTG,0.0
W209V,PLSPLPAVARAELDARTEREIDRARLRRADNGFFRSARDVESVSPADGHAVAVWWRQMTKAFMFTTLAGLGALARDYARRDADRELLGAFQTVYQVIGDDLDNAAPEFSAVAPTGPAGIHYVWWDDTIVAPLAAHVTEADRRAAEELPAPVRELLAAMDRLAAEPLGSAVQLRVVETIALDIAVGFRRVYGKVLAGGEPVFGEKDQFAVIDAHIKAETVHAAQVSDDETGMTGLVTDAERGEEFVRLVEEYAGLWSAALECFGDRLTG,0.0
W255A,PLSPLPAVARAELDARTEREIDRARLRRADNGFFRSARDVESVSPADGHAVAVWWRQMTKAFMFTTLAGLGALARDYARRDADRELLGAFQTVYQVIGDDLDNAAPEFSAVAPTGPAGIHYVWWDDTIVAPLAAHVTEADRRAAEELPAPVRELLAAMDRLAAEPLGSAVQLRVVETIALDIAVGFRRVYGKVLAGGEPVFGEKDQFAWIDAHIKAETVHAAQVSDDETGMTGLVTDAERGEEFVRLVEEYAGLASAALECFGDRLTG,0.0
W255R,PLSPLPAVARAELDARTEREIDRARLRRADNGFFRSARDVESVSPADGHAVAVWWRQMTKAFMFTTLAGLGALARDYARRDADRELLGAFQTVYQVIGDDLDNAAPEFSAVAPTGPAGIHYVWWDDTIVAPLAAHVTEADRRAAEELPAPVRELLAAMDRLAAEPLGSAVQLRVVETIALDIAVGFRRVYGKVLAGGEPVFGEKDQFAWIDAHIKAETVHAAQVSDDETGMTGLVTDAERGEEFVRLVEEYAGLRSAALECFGDRLTG,0.0
W255N,PLSPLPAVARAELDARTEREIDRARLRRADNGFFRSARDVESVSPADGHAVAVWWRQMTKAFMFTTLAGLGALARDYARRDADRELLGAFQTVYQVIGDDLDNAAPEFSAVAPTGPAGIHYVWWDDTIVAPLAAHVTEADRRAAEELPAPVRELLAAMDRLAAEPLGSAVQLRVVETIALDIAVGFRRVYGKVLAGGEPVFGEKDQFAWIDAHIKAETVHAAQVSDDETGMTGLVTDAERGEEFVRLVEEYAGLNSAALECFGDRLTG,0.0
W255D,PLSPLPAVARAELDARTEREIDRARLRRADNGFFRSARDVESVSPADGHAVAVWWRQMTKAFMFTTLAGLGALARDYARRDADRELLGAFQTVYQVIGDDLDNAAPEFSAVAPTGPAGIHYVWWDDTIVAPLAAHVTEADRRAAEELPAPVRELLAAMDRLAAEPLGSAVQLRVVETIALDIAVGFRRVYGKVLAGGEPVFGEKDQFAWIDAHIKAETVHAAQVSDDETGMTGLVTDAERGEEFVRLVEEYAGLDSAALECFGDRLTG,0.0
W255C,PLSPLPAVARAELDARTEREIDRARLRRADNGFFRSARDVESVSPADGHAVAVWWRQMTKAFMFTTLAGLGALARDYARRDADRELLGAFQTVYQVIGDDLDNAAPEFSAVAPTGPAGIHYVWWDDTIVAPLAAHVTEADRRAAEELPAPVRELLAAMDRLAAEPLGSAVQLRVVETIALDIAVGFRRVYGKVLAGGEPVFGEKDQFAWIDAHIKAETVHAAQVSDDETGMTGLVTDAERGEEFVRLVEEYAGLCSAALECFGDRLTG,0.0
W255Q,PLSPLPAVARAELDARTEREIDRARLRRADNGFFRSARDVESVSPADGHAVAVWWRQMTKAFMFTTLAGLGALARDYARRDADRELLGAFQTVYQVIGDDLDNAAPEFSAVAPTGPAGIHYVWWDDTIVAPLAAHVTEADRRAAEELPAPVRELLAAMDRLAAEPLGSAVQLRVVETIALDIAVGFRRVYGKVLAGGEPVFGEKDQFAWIDAHIKAETVHAAQVSDDETGMTGLVTDAERGEEFVRLVEEYAGLQSAALECFGDRLTG,0.0
W255E,PLSPLPAVARAELDARTEREIDRARLRRADNGFFRSARDVESVSPADGHAVAVWWRQMTKAFMFTTLAGLGALARDYARRDADRELLGAFQTVYQVIGDDLDNAAPEFSAVAPTGPAGIHYVWWDDTIVAPLAAHVTEADRRAAEELPAPVRELLAAMDRLAAEPLGSAVQLRVVETIALDIAVGFRRVYGKVLAGGEPVFGEKDQFAWIDAHIKAETVHAAQVSDDETGMTGLVTDAERGEEFVRLVEEYAGLESAALECFGDRLTG,0.0
W255G,PLSPLPAVARAELDARTEREIDRARLRRADNGFFRSARDVESVSPADGHAVAVWWRQMTKAFMFTTLAGLGALARDYARRDADRELLGAFQTVYQVIGDDLDNAAPEFSAVAPTGPAGIHYVWWDDTIVAPLAAHVTEADRRAAEELPAPVRELLAAMDRLAAEPLGSAVQLRVVETIALDIAVGFRRVYGKVLAGGEPVFGEKDQFAWIDAHIKAETVHAAQVSDDETGMTGLVTDAERGEEFVRLVEEYAGLGSAALECFGDRLTG,0.0
W255H,PLSPLPAVARAELDARTEREIDRARLRRADNGFFRSARDVESVSPADGHAVAVWWRQMTKAFMFTTLAGLGALARDYARRDADRELLGAFQTVYQVIGDDLDNAAPEFSAVAPTGPAGIHYVWWDDTIVAPLAAHVTEADRRAAEELPAPVRELLAAMDRLAAEPLGSAVQLRVVETIALDIAVGFRRVYGKVLAGGEPVFGEKDQFAWIDAHIKAETVHAAQVSDDETGMTGLVTDAERGEEFVRLVEEYAGLHSAALECFGDRLTG,0.0
W255I,PLSPLPAVARAELDARTEREIDRARLRRADNGFFRSARDVESVSPADGHAVAVWWRQMTKAFMFTTLAGLGALARDYARRDADRELLGAFQTVYQVIGDDLDNAAPEFSAVAPTGPAGIHYVWWDDTIVAPLAAHVTEADRRAAEELPAPVRELLAAMDRLAAEPLGSAVQLRVVETIALDIAVGFRRVYGKVLAGGEPVFGEKDQFAWIDAHIKAETVHAAQVSDDETGMTGLVTDAERGEEFVRLVEEYAGLISAALECFGDRLTG,0.0
W255L,PLSPLPAVARAELDARTEREIDRARLRRADNGFFRSARDVESVSPADGHAVAVWWRQMTKAFMFTTLAGLGALARDYARRDADRELLGAFQTVYQVIGDDLDNAAPEFSAVAPTGPAGIHYVWWDDTIVAPLAAHVTEADRRAAEELPAPVRELLAAMDRLAAEPLGSAVQLRVVETIALDIAVGFRRVYGKVLAGGEPVFGEKDQFAWIDAHIKAETVHAAQVSDDETGMTGLVTDAERGEEFVRLVEEYAGLLSAALECFGDRLTG,0.0
W255K,PLSPLPAVARAELDARTEREIDRARLRRADNGFFRSARDVESVSPADGHAVAVWWRQMTKAFMFTTLAGLGALARDYARRDADRELLGAFQTVYQVIGDDLDNAAPEFSAVAPTGPAGIHYVWWDDTIVAPLAAHVTEADRRAAEELPAPVRELLAAMDRLAAEPLGSAVQLRVVETIALDIAVGFRRVYGKVLAGGEPVFGEKDQFAWIDAHIKAETVHAAQVSDDETGMTGLVTDAERGEEFVRLVEEYAGLKSAALECFGDRLTG,0.0
W255M,PLSPLPAVARAELDARTEREIDRARLRRADNGFFRSARDVESVSPADGHAVAVWWRQMTKAFMFTTLAGLGALARDYARRDADRELLGAFQTVYQVIGDDLDNAAPEFSAVAPTGPAGIHYVWWDDTIVAPLAAHVTEADRRAAEELPAPVRELLAAMDRLAAEPLGSAVQLRVVETIALDIAVGFRRVYGKVLAGGEPVFGEKDQFAWIDAHIKAETVHAAQVSDDETGMTGLVTDAERGEEFVRLVEEYAGLMSAALECFGDRLTG,0.0
W255F,PLSPLPAVARAELDARTEREIDRARLRRADNGFFRSARDVESVSPADGHAVAVWWRQMTKAFMFTTLAGLGALARDYARRDADRELLGAFQTVYQVIGDDLDNAAPEFSAVAPTGPAGIHYVWWDDTIVAPLAAHVTEADRRAAEELPAPVRELLAAMDRLAAEPLGSAVQLRVVETIALDIAVGFRRVYGKVLAGGEPVFGEKDQFAWIDAHIKAETVHAAQVSDDETGMTGLVTDAERGEEFVRLVEEYAGLFSAALECFGDRLTG,0.0
W255P,PLSPLPAVARAELDARTEREIDRARLRRADNGFFRSARDVESVSPADGHAVAVWWRQMTKAFMFTTLAGLGALARDYARRDADRELLGAFQTVYQVIGDDLDNAAPEFSAVAPTGPAGIHYVWWDDTIVAPLAAHVTEADRRAAEELPAPVRELLAAMDRLAAEPLGSAVQLRVVETIALDIAVGFRRVYGKVLAGGEPVFGEKDQFAWIDAHIKAETVHAAQVSDDETGMTGLVTDAERGEEFVRLVEEYAGLPSAALECFGDRLTG,0.0
W255S,PLSPLPAVARAELDARTEREIDRARLRRADNGFFRSARDVESVSPADGHAVAVWWRQMTKAFMFTTLAGLGALARDYARRDADRELLGAFQTVYQVIGDDLDNAAPEFSAVAPTGPAGIHYVWWDDTIVAPLAAHVTEADRRAAEELPAPVRELLAAMDRLAAEPLGSAVQLRVVETIALDIAVGFRRVYGKVLAGGEPVFGEKDQFAWIDAHIKAETVHAAQVSDDETGMTGLVTDAERGEEFVRLVEEYAGLSSAALECFGDRLTG,0.0
W255T,PLSPLPAVARAELDARTEREIDRARLRRADNGFFRSARDVESVSPADGHAVAVWWRQMTKAFMFTTLAGLGALARDYARRDADRELLGAFQTVYQVIGDDLDNAAPEFSAVAPTGPAGIHYVWWDDTIVAPLAAHVTEADRRAAEELPAPVRELLAAMDRLAAEPLGSAVQLRVVETIALDIAVGFRRVYGKVLAGGEPVFGEKDQFAWIDAHIKAETVHAAQVSDDETGMTGLVTDAERGEEFVRLVEEYAGLTSAALECFGDRLTG,0.0
W255Y,PLSPLPAVARAELDARTEREIDRARLRRADNGFFRSARDVESVSPADGHAVAVWWRQMTKAFMFTTLAGLGALARDYARRDADRELLGAFQTVYQVIGDDLDNAAPEFSAVAPTGPAGIHYVWWDDTIVAPLAAHVTEADRRAAEELPAPVRELLAAMDRLAAEPLGSAVQLRVVETIALDIAVGFRRVYGKVLAGGEPVFGEKDQFAWIDAHIKAETVHAAQVSDDETGMTGLVTDAERGEEFVRLVEEYAGLYSAALECFGDRLTG,0.0
W255V,PLSPLPAVARAELDARTEREIDRARLRRADNGFFRSARDVESVSPADGHAVAVWWRQMTKAFMFTTLAGLGALARDYARRDADRELLGAFQTVYQVIGDDLDNAAPEFSAVAPTGPAGIHYVWWDDTIVAPLAAHVTEADRRAAEELPAPVRELLAAMDRLAAEPLGSAVQLRVVETIALDIAVGFRRVYGKVLAGGEPVFGEKDQFAWIDAHIKAETVHAAQVSDDETGMTGLVTDAERGEEFVRLVEEYAGLVSAALECFGDRLTG,0.0
